1,雉科,雪鹑
2,雉科,藏雪鸡
3,雉科,阿尔泰雪鸡
4,雉科,暗腹雪鸡
5,雉科,雉鹑
6,雉科,四川雉鹑
7,雉科,石鸡
8,雉科,大石鸡
9,雉科,中华鹧鸪
10,雉科,灰山鹑
11,雉科,斑翅山鹑
12,雉科,高原山鹑
13,雉科,鹌鹑
14,雉科,日本鹌鹑
15,雉科,蓝胸鹑
16,雉科,环颈山鹧鸪
17,雉科,红喉山鹧鸪
18,雉科,白颊山鹧鸪
19,雉科,台湾山鹧鸪
20,雉科,红胸山鹧鸪
21,雉科,褐胸山鹧鸪
22,雉科,四川山鹧鸪
23,雉科,白眉山鹧鸪
24,雉科,海南山鹧鸪
25,雉科,绿脚山鹧鸪
26,雉科,棕胸竹鸡
27,雉科,灰胸竹鸡
28,雉科,血雉
29,雉科,黑头角雉
30,雉科,红胸角雉
31,雉科,灰腹角雉
32,雉科,红腹角雉
33,雉科,黄腹角雉
34,雉科,勺鸡
35,雉科,棕尾虹雉
36,雉科,白尾梢虹雉
37,雉科,绿尾虹雉
38,雉科,原鸡
39,雉科,黑鹇
40,雉科,白鹇
41,雉科,蓝鹇
42,雉科,藏马鸡
43,雉科,白马鸡
44,雉科,褐马鸡
45,雉科,蓝马鸡
46,雉科,白颈长尾雉
47,雉科,黑颈长尾雉
48,雉科,黑长尾雉
49,雉科,白冠长尾雉
50,雉科,雉鸡
51,雉科,红腹锦鸡
52,雉科,白腹锦鸡
53,雉科,灰孔雀雉
54,雉科,海南孔雀雉
55,雉科,绿孔雀
56,雉科,镰翅鸡
57,雉科,柳雷鸟
58,雉科,岩雷鸟
59,雉科,黑琴鸡
60,雉科,西方松鸡
61,雉科,黑嘴松鸡
62,雉科,花尾榛鸡
63,雉科,斑尾榛鸡
64,鸭科,栗树鸭
65,鸭科,白头硬尾鸭
66,鸭科,疣鼻天鹅
67,鸭科,大天鹅
68,鸭科,小天鹅
69,鸭科,鸿雁
70,鸭科,豆雁
71,鸭科,白额雁
72,鸭科,小白额雁
73,鸭科,灰雁
74,鸭科,斑头雁
75,鸭科,雪雁
76,鸭科,加拿大雁
77,鸭科,黑雁
78,鸭科,红胸黑雁
79,鸭科,赤麻鸭
80,鸭科,冠麻鸭
81,鸭科,翘鼻麻鸭
82,鸭科,瘤鸭
83,鸭科,棉凫
84,鸭科,鸳鸯
85,鸭科,赤膀鸭
86,鸭科,罗纹鸭
87,鸭科,赤颈鸭
88,鸭科,葡萄胸鸭
89,鸭科,绿头鸭
90,鸭科,斑嘴鸭
91,鸭科,棕颈鸭
92,鸭科,琵嘴鸭
93,鸭科,针尾鸭
94,鸭科,白眉鸭
95,鸭科,花脸鸭
96,鸭科,绿翅鸭
97,鸭科,云石斑鸭
98,鸭科,赤嘴潜鸭
99,鸭科,红头潜鸭
100,鸭科,帆背潜鸭
101,鸭科,白眼潜鸭
102,鸭科,青头潜鸭
103,鸭科,凤头潜鸭
104,鸭科,斑背潜鸭
105,鸭科,小绒鸭
106,鸭科,丑鸭
107,鸭科,长尾鸭
108,鸭科,黑海番鸭
109,鸭科,斑脸海番鸭
110,鸭科,鹊鸭
111,鸭科,白秋沙鸭
112,鸭科,红胸秋沙鸭
113,鸭科,中华秋沙鸭
114,鸭科,普通秋沙鸭
115,三趾鹑科,林三趾鹑
116,三趾鹑科,黄脚三趾鹑
117,三趾鹑科,棕三趾鹑
118,响蜜科,黄腰响蜜
119,啄木鸟科,蚁
120,啄木鸟科,斑姬啄木鸟
121,啄木鸟科,白眉棕啄木鸟
122,啄木鸟科,星头啄木鸟
123,啄木鸟科,小星头啄木鸟
124,啄木鸟科,小斑啄木鸟
125,啄木鸟科,茶胸斑啄木鸟
126,啄木鸟科,纹胸啄木鸟
127,啄木鸟科,棕腹啄木鸟
128,啄木鸟科,赤胸啄木鸟
129,啄木鸟科,黄颈啄木鸟
130,啄木鸟科,白背啄木鸟
131,啄木鸟科,大斑啄木鸟
132,啄木鸟科,白翅啄木鸟
133,啄木鸟科,三趾啄木鸟
134,啄木鸟科,栗啄木鸟
135,啄木鸟科,白腹黑啄木鸟
136,啄木鸟科,黑啄木鸟
137,啄木鸟科,黄冠啄木鸟
138,啄木鸟科,大黄冠啄木鸟
139,啄木鸟科,花腹绿啄木鸟
140,啄木鸟科,鳞喉绿啄木鸟
141,啄木鸟科,鳞腹绿啄木鸟
142,啄木鸟科,红颈绿啄木鸟
143,啄木鸟科,灰头绿啄木鸟
144,啄木鸟科,喜山金背三趾啄木鸟
145,啄木鸟科,金背三趾啄木鸟
146,啄木鸟科,大金背啄木鸟
147,啄木鸟科,竹啄木鸟
148,啄木鸟科,黄嘴栗啄木鸟
149,啄木鸟科,大灰啄木鸟
150,拟啄木鸟科,大拟啄木鸟
151,拟啄木鸟科,斑头绿拟啄木鸟
152,拟啄木鸟科,黄纹拟啄木鸟
153,拟啄木鸟科,金喉拟啄木鸟
154,拟啄木鸟科,黑眉拟啄木鸟
155,拟啄木鸟科,蓝喉拟啄木鸟
156,拟啄木鸟科,蓝耳拟啄木鸟
157,拟啄木鸟科,赤胸拟啄木鸟
158,犀鸟科,冠斑犀鸟
159,犀鸟科,双角犀鸟
160,犀鸟科,白喉犀鸟
161,犀鸟科,棕颈犀鸟
162,犀鸟科,花冠皱盔犀鸟
163,戴胜科,戴胜
164,咬鹃科,橙胸咬鹃
165,咬鹃科,红头咬鹃
166,咬鹃科,红腹咬鹃
167,佛法僧科,蓝胸佛法僧
168,佛法僧科,棕胸佛法僧
169,佛法僧科,三宝鸟
170,翠鸟科,斑头大翠鸟
171,翠鸟科,普通翠鸟
172,翠鸟科,蓝耳翠鸟
173,翠鸟科,三趾翠鸟
174,翠鸟科,鹳嘴翡翠
175,翠鸟科,赤翡翠
176,翠鸟科,白胸翡翠
177,翠鸟科,蓝翡翠
178,翠鸟科,白领翡翠
179,鱼狗科,冠鱼狗
180,鱼狗科,斑鱼狗
181,蜂虎科,蓝须夜蜂虎
182,蜂虎科,绿喉蜂虎
183,蜂虎科,蓝喉蜂虎
184,蜂虎科,栗喉蜂虎
185,蜂虎科,黄喉蜂虎
186,蜂虎科,栗头蜂虎
187,杜鹃科,斑翅凤头鹃
188,杜鹃科,红翅凤头鹃
189,杜鹃科,鹰鹃
190,杜鹃科,普通鹰鹃
191,杜鹃科,棕腹杜鹃
192,杜鹃科,四声杜鹃
193,杜鹃科,大杜鹃
194,杜鹃科,中杜鹃
195,杜鹃科,小杜鹃
196,杜鹃科,栗斑杜鹃
197,杜鹃科,八声杜鹃
198,杜鹃科,翠金鹃
199,杜鹃科,紫金鹃
200,杜鹃科,乌鹃
201,杜鹃科,噪鹃
202,杜鹃科,绿嘴地鹃
203,鸦鹃科,褐翅鸦鹃
204,鸦鹃科,小鸦鹃
205,鹦鹉科,彩虹鹦鹉
206,鹦鹉科,小葵花凤头鹦鹉
207,鹦鹉科,短尾鹦鹉
208,鹦鹉科,红领绿鹦鹉
209,鹦鹉科,灰头鹦鹉
210,鹦鹉科,花头鹦鹉
211,鹦鹉科,大紫胸鹦鹉
212,鹦鹉科,绯胸鹦鹉
213,鹦鹉科,长尾鹦鹉
214,雨燕科,短嘴金丝燕
215,雨燕科,戈氏金丝燕
216,雨燕科,白喉针尾雨燕
217,雨燕科,灰喉针尾雨燕
218,雨燕科,棕雨燕
219,雨燕科,高山雨燕
220,雨燕科,普通楼燕
221,雨燕科,白腰雨燕
222,雨燕科,小白腰雨燕
223,树燕科,凤头树燕
224,草鸮科,仓鸮
225,草鸮科,草鸮
226,草鸮科,栗鸮
227,鸱鸮科,黄嘴角鸮
228,鸱鸮科,纵纹角鸮
229,鸱鸮科,红角鸮
230,鸱鸮科,东方角鸮
231,鸱鸮科,琉球角鸮
232,鸱鸮科,领角鸮
233,鸱鸮科,雕鸮
234,鸱鸮科,林雕鸮
235,鸱鸮科,乌雕鸮
236,鸱鸮科,毛腿渔鸮
237,鸱鸮科,褐渔鸮
238,鸱鸮科,黄脚渔鸮
239,鸱鸮科,雪鸮
240,鸱鸮科,褐林鸮
241,鸱鸮科,灰林鸮
242,鸱鸮科,长尾林鸮
243,鸱鸮科,四川林鸮
244,鸱鸮科,乌林鸮
245,鸱鸮科,猛鸮
246,鸱鸮科,花头鸺鹠
247,鸱鸮科,领鸺鹠
248,鸱鸮科,斑头鸺鹠
249,鸱鸮科,纵纹腹小鸮
250,鸱鸮科,横斑腹小鸮
251,鸱鸮科,鬼鸮
252,鸱鸮科,鹰鸮
253,鸱鸮科,长耳鸮
254,鸱鸮科,短耳鸮
255,蟆口鸱科,黑顶蟆口鸱
256,耳夜鹰科,毛腿耳夜鹰
257,夜鹰科,普通夜鹰
258,夜鹰科,欧夜鹰
259,夜鹰科,埃及夜鹰
260,夜鹰科,中亚夜鹰
261,夜鹰科,长尾夜鹰
262,夜鹰科,林夜鹰
263,鸠鸽科,原鸽
264,鸠鸽科,岩鸽
265,鸠鸽科,雪鸽
266,鸠鸽科,欧鸽
267,鸠鸽科,中亚鸽
268,鸠鸽科,斑尾林鸽
269,鸠鸽科,点斑林鸽
270,鸠鸽科,灰林鸽
271,鸠鸽科,紫林鸽
272,鸠鸽科,黑林鸽
273,鸠鸽科,欧斑鸠
274,鸠鸽科,山斑鸠
275,鸠鸽科,棕斑鸠
276,鸠鸽科,珠颈斑鸠
277,鸠鸽科,火斑鸠
278,鸠鸽科,灰斑鸠
279,鸠鸽科,斑尾鹃鸠
280,鸠鸽科,栗褐鹃鸠
281,鸠鸽科,棕头鹃鸠
282,鸠鸽科,绿翅金鸠
283,鸠鸽科,橙胸绿鸠
284,鸠鸽科,灰头绿鸠
285,鸠鸽科,厚嘴绿鸠
286,鸠鸽科,黄脚绿鸠
287,鸠鸽科,针尾绿鸠
288,鸠鸽科,楔尾绿鸠
289,鸠鸽科,红翅绿鸠
290,鸠鸽科,红顶绿鸠
291,鸠鸽科,黑颏果鸠
292,鸠鸽科,绿皇鸠
293,鸠鸽科,山皇鸠
294,鸨科,小鸨
295,鸨科,大鸨
296,鸨科,波斑鸨
297,鹤科,白鹤
298,鹤科,赤颈鹤
299,鹤科,白枕鹤
300,鹤科,沙丘鹤
301,鹤科,蓑羽鹤
302,鹤科,灰鹤
303,鹤科,白头鹤
304,鹤科,黑颈鹤
305,鹤科,丹顶鹤
306,秧鸡科,花田鸡
307,秧鸡科,红腿斑秧鸡
308,秧鸡科,白喉斑秧鸡
309,秧鸡科,蓝胸秧鸡
310,秧鸡科,普通秧鸡
311,秧鸡科,长脚秧鸡
312,秧鸡科,红脚苦恶鸟
313,秧鸡科,白胸苦恶鸟
314,秧鸡科,棕背田鸡
315,秧鸡科,姬田鸡
316,秧鸡科,小田鸡
317,秧鸡科,斑胸田鸡
318,秧鸡科,红胸田鸡
319,秧鸡科,斑胁田鸡
320,秧鸡科,白眉田鸡
321,秧鸡科,董鸡
322,秧鸡科,紫水鸡
323,秧鸡科,黑水鸡
324,秧鸡科,骨顶鸡
325,沙鸡科,西藏毛腿沙鸡
326,沙鸡科,毛腿沙鸡
327,沙鸡科,黑腹沙鸡
328,丘鹬科,丘鹬
329,丘鹬科,孤沙锥
330,丘鹬科,澳南沙锥
331,丘鹬科,林沙锥
332,丘鹬科,针尾沙锥
333,丘鹬科,大沙锥
334,丘鹬科,扇尾沙锥
335,丘鹬科,姬鹬
336,丘鹬科,黑尾塍鹬
337,丘鹬科,斑尾塍鹬
338,丘鹬科,小杓鹬
339,丘鹬科,中杓鹬
340,丘鹬科,白腰杓鹬
341,丘鹬科,大杓鹬
342,丘鹬科,鹤鹬
343,丘鹬科,红脚鹬
344,丘鹬科,泽鹬
345,丘鹬科,青脚鹬
346,丘鹬科,小青脚鹬
347,丘鹬科,小黄脚鹬
348,丘鹬科,白腰草鹬
349,丘鹬科,林鹬
350,丘鹬科,翘嘴鹬
351,丘鹬科,矶鹬
352,丘鹬科,灰尾漂鹬
353,丘鹬科,漂鹬
354,丘鹬科,翻石鹬
355,丘鹬科,长嘴鹬
356,丘鹬科,半蹼鹬
357,丘鹬科,大滨鹬
358,丘鹬科,红腹滨鹬
359,丘鹬科,三趾鹬
360,丘鹬科,西方滨鹬
361,丘鹬科,勺嘴鹬
362,丘鹬科,小滨鹬
363,丘鹬科,红颈滨鹬
364,丘鹬科,青脚滨鹬
365,丘鹬科,长趾滨鹬
366,丘鹬科,白腰滨鹬
367,丘鹬科,黑腰滨鹬
368,丘鹬科,斑胸滨鹬
369,丘鹬科,尖尾滨鹬
370,丘鹬科,岩滨鹬
371,丘鹬科,黑腹滨鹬
372,丘鹬科,弯嘴滨鹬
373,丘鹬科,高跷鹬
374,丘鹬科,饰胸鹬
375,丘鹬科,阔嘴鹬
376,丘鹬科,流苏鹬
377,丘鹬科,红颈瓣蹼鹬
378,丘鹬科,灰瓣蹼鹬
379,彩鹬科,彩鹬
380,雉鸻科,水雉
381,雉鸻科,铜翅水雉
382,石鸻科,欧石鸻
383,石鸻科,大石鸻
384,鸻科,蛎鹬
385,鸻科,鹮嘴鹬
386,鸻科,黑翅长脚鹬
387,鸻科,反嘴鹬
388,鸻科,金斑鸻
389,鸻科,灰斑鸻
390,鸻科,剑鸻
391,鸻科,长嘴剑鸻
392,鸻科,金眶鸻
393,鸻科,环颈鸻
394,鸻科,马来鸻
395,鸻科,蒙古沙鸻
396,鸻科,铁嘴沙鸻
397,鸻科,红胸鸻
398,鸻科,东方鸻
399,鸻科,小嘴鸻
400,鸻科,凤头麦鸡
401,鸻科,距翅麦鸡
402,鸻科,灰头麦鸡
403,鸻科,肉垂麦鸡
404,燕鸻科,领燕鸻
405,燕鸻科,普通燕鸻
406,燕鸻科,灰燕鸻
407,鸥科,褐贼鸥
408,鸥科,麦氏贼鸥
409,鸥科,中贼鸥
410,鸥科,短尾贼鸥
411,鸥科,长尾贼鸥
412,鸥科,剪嘴鸥
413,鸥科,黑尾鸥
414,鸥科,海鸥
415,鸥科,灰翅鸥
416,鸥科,北极鸥
417,鸥科,灰背鸥
418,鸥科,银鸥
419,鸥科,灰林银鸥
420,鸥科,织女银鸥
421,鸥科,黄脚银鸥
422,鸥科,渔鸥
423,鸥科,棕头鸥
424,鸥科,红嘴鸥
425,鸥科,细嘴鸥
426,鸥科,黑嘴鸥
427,鸥科,遗鸥
428,鸥科,小鸥
429,鸥科,楔尾鸥
430,鸥科,叉尾鸥
431,鸥科,三趾鸥
432,鸥科,鸥嘴噪鸥
433,鸥科,红嘴巨鸥
434,鸥科,黄嘴河燕鸥
435,鸥科,小凤头燕鸥
436,鸥科,大凤头燕鸥
437,鸥科,黑嘴端凤头燕鸥
438,鸥科,粉红燕鸥
439,鸥科,黑枕燕鸥
440,鸥科,普通燕鸥
441,鸥科,白额燕鸥
442,鸥科,黑腹燕鸥
443,鸥科,白腰燕鸥
444,鸥科,褐翅燕鸥
445,鸥科,乌燕鸥
446,鸥科,须浮鸥
447,鸥科,白翅浮鸥
448,鸥科,黑浮鸥
449,鸥科,白顶玄燕鸥
450,鸥科,白玄鸥
451,鸥科,斑海雀
452,鸥科,扁嘴海雀
453,鸥科,冠海雀
454,鸥科,角嘴海雀
455,鹰科,鹗
456,鹰科,褐冠鹃隼
457,鹰科,黑冠鹃隼
458,鹰科,凤头蜂鹰
459,鹰科,黑翅鸢
460,鹰科,黑鸢
461,鹰科,黑耳鸢
462,鹰科,栗鸢
463,鹰科,白腹海雕
464,鹰科,玉带海雕
465,鹰科,白尾海雕
466,鹰科,虎头海雕
467,鹰科,渔雕
468,鹰科,胡兀鹫
469,鹰科,白背兀鹫
470,鹰科,高山兀鹫
471,鹰科,兀鹫
472,鹰科,秃鹫
473,鹰科,黑兀鹫
474,鹰科,短趾雕
475,鹰科,蛇雕
476,鹰科,白头鹞
477,鹰科,白腹鹞
478,鹰科,白尾鹞
479,鹰科,草原鹞
480,鹰科,鹊鹞
481,鹰科,乌灰鹞
482,鹰科,凤头鹰
483,鹰科,褐耳鹰
484,鹰科,赤腹鹰
485,鹰科,日本松雀鹰
486,鹰科,松雀鹰
487,鹰科,雀鹰
488,鹰科,苍鹰
489,鹰科,白眼鵟鹰
490,鹰科,棕翅鵟鹰
491,鹰科,灰脸鵟鹰
492,鹰科,普通鵟
493,鹰科,棕尾鵟
494,鹰科,大鵟
495,鹰科,毛脚鵟
496,鹰科,林雕
497,鹰科,乌雕
498,鹰科,草原雕
499,鹰科,白肩雕
500,鹰科,金雕
501,鹰科,白腹隼雕
502,鹰科,靴隼雕
503,鹰科,棕腹隼雕
504,鹰科,鹰雕
505,隼科,红腿小隼
506,隼科,白腿小隼
507,隼科,黄爪隼
508,隼科,红隼
509,隼科,红脚隼
510,隼科,阿穆尔隼
511,隼科,灰背隼
512,隼科,燕隼
513,隼科,猛隼
514,隼科,猎隼
515,隼科,矛隼
516,隼科,游隼
517,隼科,拟游隼
518,科,小
519,科,赤颈
520,科,凤头
521,科,角
522,科,黑颈
523,鹲科,短尾鹲
524,鹲科,红尾鹲
525,鹲科,白尾鹲
526,鲣鸟科,蓝脸鲣鸟
527,鲣鸟科,红脚鲣鸟
528,鲣鸟科,褐鲣鸟
529,蛇鹈科,黑腹蛇鹈
530,鸬鹚科,黑颈鸬鹚
531,鸬鹚科,普通鸬鹚
532,鸬鹚科,暗绿背鸬鹚
533,鸬鹚科,红脸鸬鹚
534,鸬鹚科,海鸬鹚
535,鹭科,白鹭
536,鹭科,黄嘴白鹭
537,鹭科,岩鹭
538,鹭科,白颈黑鹭
539,鹭科,苍鹭
540,鹭科,白腹鹭
541,鹭科,草鹭
542,鹭科,大白鹭
543,鹭科,中白鹭
544,鹭科,牛背鹭
545,鹭科,池鹭
546,鹭科,绿鹭
547,鹭科,夜鹭
548,鹭科,海南鳽
549,鹭科,栗鳽
550,鹭科,黑冠鳽
551,鹭科,小苇鳽
552,鹭科,黄苇鳽
553,鹭科,紫背苇鳽
554,鹭科,栗苇鳽
555,鹭科,黑鳽
556,鹭科,大麻鳽
557,红鹳科,大火烈鸟大红鹳
558,鹮科,彩鹮
559,鹮科,黑头白鹮
560,鹮科,黑鹮
561,鹮科,朱鹮
562,鹮科,白琵鹭
563,鹮科,黑脸琵鹭
564,鹈鹕科,白鹈鹕
565,鹈鹕科,卷羽鹈鹕
566,鹈鹕科,斑嘴鹈鹕
567,鹳科,白头鹮鹳
568,鹳科,黑鹳
569,鹳科,白鹳
570,鹳科,东方白鹳
571,鹳科,秃鹳
572,军舰鸟科,小军舰鸟
573,军舰鸟科,白斑军舰鸟
574,军舰鸟科,白腹军舰鸟
575,潜鸟科,红喉潜鸟
576,潜鸟科,黑喉潜鸟
577,潜鸟科,太平洋潜鸟
578,潜鸟科,普通潜鸟
579,潜鸟科,白嘴潜鸟
580,鹱科,暴雪鹱
581,鹱科,钩嘴圆尾鹱
582,鹱科,点额圆尾鹱
583,鹱科,纯褐鹱
584,鹱科,白额鹱
585,鹱科,曳尾鹱
586,鹱科,肉足鹱
587,鹱科,灰鹱
588,鹱科,短尾鹱
589,鹱科,短尾信天翁
590,鹱科,黑脚信天翁
591,鹱科,黑背信天翁
592,鹱科,烟黑叉尾海燕
593,鹱科,白腰叉尾海燕
594,鹱科,黑叉尾海燕
595,鹱科,日本叉尾海燕
596,八色鸫科,双辫八色鸫
597,八色鸫科,蓝枕八色鸫
598,八色鸫科,蓝背八色鸫
599,八色鸫科,栗头八色鸫
600,八色鸫科,蓝八色鸫
601,八色鸫科,绿胸八色鸫
602,八色鸫科,仙八色鸫
603,八色鸫科,蓝翅八色鸫
604,阔嘴鸟科,银胸丝冠鸟
605,阔嘴鸟科,长尾阔嘴鸟
606,和平鸟科,和平鸟
607,和平鸟科,蓝翅叶鹎
608,和平鸟科,金额叶鹎
609,和平鸟科,橙腹叶鹎
610,伯劳科,虎纹伯劳
611,伯劳科,牛头伯劳
612,伯劳科,红背伯劳
613,伯劳科,棕尾伯劳
614,伯劳科,红尾伯劳
615,伯劳科,栗背伯劳
616,伯劳科,棕背伯劳
617,伯劳科,灰背伯劳
618,伯劳科,黑额伯劳
619,伯劳科,灰伯劳
620,伯劳科,楔尾伯劳
621,鸦科,松鸦
622,鸦科,北噪鸦
623,鸦科,黑头噪鸦
624,鸦科,台湾蓝鹊
625,鸦科,黄嘴蓝鹊
626,鸦科,红嘴蓝鹊
627,鸦科,白翅蓝鹊
628,鸦科,蓝绿鹊
629,鸦科,印支绿鹊
630,鸦科,灰喜鹊
631,鸦科,棕腹树鹊
632,鸦科,灰树鹊
633,鸦科,黑额树鹊
634,鸦科,盘尾树鹊
635,鸦科,塔尾树鹊
636,鸦科,喜鹊
637,鸦科,黑尾地鸦
638,鸦科,白尾地鸦
639,鸦科,褐背拟地鸦
640,鸦科,星鸦
641,鸦科,红嘴山鸦
642,鸦科,黄嘴山鸦
643,鸦科,寒鸦
644,鸦科,达乌里寒鸦
645,鸦科,家鸦
646,鸦科,秃鼻乌鸦
647,鸦科,小嘴乌鸦
648,鸦科,大嘴乌鸦
649,鸦科,丛林鸦
650,鸦科,白颈鸦
651,鸦科,渡鸦
652,鸦科,灰燕鵙
653,鸦科,金黄鹂
654,鸦科,黑枕黄鹂
655,鸦科,细嘴黄鹂
656,鸦科,黑头黄鹂
657,鸦科,朱鹂
658,鸦科,鹊色鹂
659,鸦科,大鹃鵙
660,鸦科,暗灰鹃鵙
661,鸦科,粉红山椒鸟
662,鸦科,小灰山椒鸟
663,鸦科,灰山椒鸟
664,鸦科,灰喉山椒鸟
665,鸦科,长尾山椒鸟
666,鸦科,短嘴山椒鸟
667,鸦科,赤红山椒鸟
668,鸦科,褐背鹊鵙
669,鸦科,黄腹扇尾鹟
670,鸦科,白喉扇尾鹟
671,鸦科,白眉扇尾鹟
672,鸦科,黑卷尾
673,鸦科,灰卷尾
674,鸦科,鸦嘴卷尾
675,鸦科,古铜色卷尾
676,鸦科,小盘尾
677,鸦科,发冠卷尾
678,鸦科,大盘尾
679,鸦科,黑枕王鹟
680,鸦科,紫寿带鸟
681,鸦科,寿带鸟
682,鸦科,黑翅雀鹎
683,鸦科,大绿雀鹎
684,鸦科,钩嘴林鵙
685,太平鸟科,太平鸟
686,太平鸟科,小太平鸟
687,河乌科,河乌
688,河乌科,褐河乌
689,鹟科,白背矶鸫
690,鹟科,蓝头矶鸫
691,鹟科,白喉矶鸫
692,鹟科,栗腹矶鸫
693,鹟科,蓝矶鸫
694,鹟科,紫啸鸫
695,鹟科,台湾紫啸鸫
696,鹟科,橙头地鸫
697,鹟科,白眉地鸫
698,鹟科,光背地鸫
699,鹟科,长尾地鸫
700,鹟科,虎斑地鸫
701,鹟科,长嘴地鸫
702,鹟科,灰背鸫
703,鹟科,黑胸鸫
704,鹟科,乌灰鸫
705,鹟科,白颈鸫
706,鹟科,灰翅鸫
707,鹟科,乌鸫
708,鹟科,岛鸫
709,鹟科,灰头鸫
710,鹟科,棕背黑头鸫
711,鹟科,褐头鸫
712,鹟科,白眉鸫
713,鹟科,槲鸫
714,鹟科,白腹鸫
715,鹟科,赤胸鸫
716,鹟科,赤颈鸫
717,鹟科,斑鸫
718,鹟科,田鸫
719,鹟科,白眉歌鸫
720,鹟科,欧歌鸫
721,鹟科,宝兴歌鸫
722,鹟科,栗背短翅鸫
723,鹟科,锈腹短翅鸫
724,鹟科,白喉短翅鸫
725,鹟科,蓝短翅鸫
726,鹟科,白喉林鹟
727,鹟科,斑鹟
728,鹟科,灰纹鹟
729,鹟科,乌鹟
730,鹟科,北灰鹟
731,鹟科,褐胸鹟
732,鹟科,棕尾褐鹟
733,鹟科,白眉姬鹟
734,鹟科,黄眉姬鹟
735,鹟科,鸲姬鹟
736,鹟科,锈胸蓝姬鹟
737,鹟科,橙胸姬鹟
738,鹟科,红喉姬鹟
739,鹟科,白喉姬鹟
740,鹟科,棕胸蓝姬鹟
741,鹟科,小斑姬鹟
742,鹟科,白眉蓝姬鹟
743,鹟科,灰蓝姬鹟
744,鹟科,玉头姬鹟
745,鹟科,白腹姬鹟
746,鹟科,铜蓝鹟
747,鹟科,大仙鹟
748,鹟科,小仙鹟
749,鹟科,棕腹大仙鹟
750,鹟科,棕腹仙鹟
751,鹟科,棕腹蓝仙鹟
752,鹟科,白尾蓝仙鹟
753,鹟科,海南蓝仙鹟
754,鹟科,灰颊仙鹟
755,鹟科,纯蓝仙鹟
756,鹟科,蓝喉仙鹟
757,鹟科,山蓝仙鹟
758,鹟科,侏蓝仙鹟
759,鹟科,方尾鹟
760,鹟科,欧亚鸲
761,鹟科,日本歌鸲
762,鹟科,琉球歌鸲
763,鹟科,红尾歌鸲
764,鹟科,新疆歌鸲
765,鹟科,"红点颏,红喉歌鸲"
766,鹟科,黑胸歌鸲
767,鹟科,蓝喉歌鸲蓝点颏
768,鹟科,棕头歌鸲
769,鹟科,黑喉歌鸲
770,鹟科,金胸歌鸲
771,鹟科,栗腹歌鸲
772,鹟科,蓝歌鸲
773,鹟科,红胁蓝尾鸲
774,鹟科,金色林鸲
775,鹟科,白眉林鸲
776,鹟科,棕腹林鸲
777,鹟科,台湾林鸲
778,鹟科,鹊鸲
779,鹟科,白腰鹊鸲
780,鹟科,贺兰山红尾鸲
781,鹟科,红背红尾鸲
782,鹟科,蓝头红尾鸲
783,鹟科,赭红尾鸲
784,鹟科,欧亚红尾鸲
785,鹟科,黑喉红尾鸲
786,鹟科,白喉红尾鸲
787,鹟科,北红尾鸲
788,鹟科,红腹红尾鸲
789,鹟科,蓝额红尾鸲
790,鹟科,白顶溪鸲
791,鹟科,红尾水鸲
792,鹟科,白腹短翅鸲
793,鹟科,白尾蓝地鸲
794,鹟科,蓝额长脚地鸲
795,鹟科,蓝大翅鸲
796,鹟科,小燕尾
797,鹟科,黑背燕尾
798,鹟科,灰背燕尾
799,鹟科,白冠燕尾
800,鹟科,斑背燕尾
801,鹟科,紫宽嘴鸫
802,鹟科,绿宽嘴鸫
803,鹟科,白喉石鵖
804,鹟科,黑喉石鵖
805,鹟科,白斑黑石鵖
806,鹟科,黑白林鵖
807,鹟科,灰林鵖
808,鹟科,穗鵖
809,鹟科,东方斑鵖
810,鹟科,白顶鵖
811,鹟科,漠鵖
812,鹟科,沙鵖
813,椋鸟科,灰头椋鸟
814,椋鸟科,黑冠椋鸟
815,椋鸟科,丝光椋鸟
816,椋鸟科,北椋鸟
817,椋鸟科,紫背椋鸟
818,椋鸟科,灰背椋鸟
819,椋鸟科,粉红椋鸟
820,椋鸟科,紫翅椋鸟
821,椋鸟科,灰椋鸟
822,椋鸟科,斑椋鸟
823,椋鸟科,黑领椋鸟
824,椋鸟科,红嘴椋鸟
825,椋鸟科,家八哥
826,椋鸟科,灰背岸八哥
827,椋鸟科,林八哥
828,椋鸟科,白领八哥
829,椋鸟科,八哥
830,椋鸟科,金冠树八哥
831,椋鸟科,鹩哥
832,科,普通
833,科,栗臀
834,科,栗腹
835,科,白尾
836,科,黑头
837,科,滇
838,科,白脸
839,科,绒额
840,科,淡紫
841,科,巨
842,科,丽
843,科,红翅旋壁雀
844,旋木雀科,旋木雀
845,旋木雀科,高山旋木雀
846,旋木雀科,锈红腹旋木雀
847,旋木雀科,褐喉旋木雀
848,鹪鹩科,鹪鹩
849,攀雀科,白冠攀雀
850,攀雀科,中华攀雀
851,攀雀科,火冠雀
852,山雀科,沼泽山雀
853,山雀科,褐头山雀
854,山雀科,白眉山雀
855,山雀科,红腹山雀
856,山雀科,西伯利亚山雀
857,山雀科,棕枕山雀
858,山雀科,黑冠山雀
859,山雀科,煤山雀
860,山雀科,黄腹山雀
861,山雀科,褐冠山雀
862,山雀科,大山雀
863,山雀科,西域山雀
864,山雀科,绿背山雀
865,山雀科,黄颊山雀
866,山雀科,台湾黄山雀
867,山雀科,灰蓝山雀
868,山雀科,黄胸山雀
869,山雀科,杂色山雀
870,山雀科,黄眉林雀
871,山雀科,冕雀
872,山雀科,银喉长尾山雀
873,山雀科,红头长尾山雀
874,山雀科,黑头长尾山雀
875,山雀科,黑眉长尾山雀
876,山雀科,银脸长尾山雀
877,燕科,白眼河燕
878,燕科,崖沙燕
879,燕科,褐喉沙燕
880,燕科,岩燕
881,燕科,纯色岩燕
882,燕科,家燕
883,燕科,洋斑燕
884,燕科,金腰燕
885,燕科,斑腰燕
886,燕科,白腹毛脚燕
887,燕科,烟腹毛脚燕
888,燕科,黑喉毛脚燕
889,戴菊科,戴菊
890,戴菊科,台湾戴菊
891,鹎科,凤头雀嘴鹎
892,鹎科,领雀嘴鹎
893,鹎科,纵纹绿鹎
894,鹎科,黑头鹎
895,鹎科,黑冠黄鹎
896,鹎科,红耳鹎
897,鹎科,黄臀鹎
898,鹎科,白头鹎
899,鹎科,台湾鹎
900,鹎科,白颊鹎
901,鹎科,黑喉红臀鹎
902,鹎科,白喉红臀鹎
903,鹎科,纹喉鹎
904,鹎科,黄绿鹎
905,鹎科,黄腹冠鹎
906,鹎科,白喉冠鹎
907,鹎科,灰眼短脚鹎
908,鹎科,栗耳短脚鹎
909,鹎科,灰短脚鹎
910,鹎科,栗背短脚鹎
911,鹎科,绿翅短脚鹎
912,鹎科,黑短脚鹎
913,扇尾莺科,棕扇尾莺
914,扇尾莺科,金头扇尾莺
915,扇尾莺科,山鹛
916,扇尾莺科,山鹪莺
917,扇尾莺科,褐山鹪莺
918,扇尾莺科,黑喉山鹪莺
919,扇尾莺科,暗冕鹪莺
920,扇尾莺科,灰胸鹪莺
921,扇尾莺科,黄腹鹪莺
922,扇尾莺科,褐头鹪莺
923,绣眼鸟科,红胁绣眼鸟
924,绣眼鸟科,灰腹绣眼鸟
925,绣眼鸟科,暗绿绣眼鸟
926,莺科,栗头地莺
927,莺科,金冠地莺
928,莺科,灰腹地莺
929,莺科,鳞头树莺
930,莺科,淡脚树莺
931,莺科,远东树莺
932,莺科,日本树莺
933,莺科,强脚树莺
934,莺科,大树莺
935,莺科,异色树莺
936,莺科,黄腹树莺
937,莺科,棕顶树莺
938,莺科,宽尾树莺
939,莺科,斑胸短翅莺
940,莺科,巨嘴短翅莺
941,莺科,中华短翅莺
942,莺科,棕褐短翅莺
943,莺科,高山短翅莺
944,莺科,矛斑蝗莺
945,莺科,黑斑蝗莺
946,莺科,小蝗莺
947,莺科,北蝗莺
948,莺科,史氏蝗莺
949,莺科,鸲蝗莺
950,莺科,苍眉蝗莺
951,莺科,斑背大尾莺
952,莺科,水蒲苇莺
953,莺科,细纹苇莺
954,莺科,黑眉苇莺
955,莺科,稻田苇莺
956,莺科,远东苇莺
957,莺科,钝翅稻田苇莺
958,莺科,芦苇莺
959,莺科,布氏苇莺
960,莺科,大苇莺
961,莺科,东方大苇莺
962,莺科,噪大苇莺
963,莺科,厚嘴苇莺
964,莺科,靴篱莺
965,莺科,赛氏篱莺
966,莺科,草绿篱莺
967,莺科,金头缝叶莺
968,莺科,长尾缝叶莺
969,莺科,黑喉缝叶莺
970,莺科,花彩雀莺
971,莺科,凤头雀莺
972,莺科,叽咋柳莺
973,莺科,东方叽咋柳莺
974,莺科,林柳莺
975,莺科,褐柳莺
976,莺科,烟柳莺
977,莺科,黄腹柳莺
978,莺科,棕腹柳莺
979,莺科,灰柳莺
980,莺科,棕眉柳莺
981,莺科,巨嘴柳莺
982,莺科,橙斑翅柳莺
983,莺科,灰喉柳莺
984,莺科,黄腰柳莺
985,莺科,淡黄腰柳莺
986,莺科,甘肃黄腰柳莺
987,莺科,四川柳莺
988,莺科,黄眉柳莺
989,莺科,淡眉柳莺
990,莺科,极北柳莺
991,莺科,暗绿柳莺
992,莺科,双斑绿柳莺
993,莺科,灰脚柳莺
994,莺科,乌嘴柳莺
995,莺科,冕柳莺
996,莺科,峨眉柳莺
997,莺科,冠纹柳莺
998,莺科,白斑尾柳莺
999,莺科,海南柳莺
1000,莺科,黄胸柳莺
1001,莺科,黑眉柳莺
1002,莺科,金眶鹟莺
1003,莺科,灰头鹟莺
1004,莺科,白眶鹟莺
1005,莺科,灰脸鹟莺
1006,莺科,栗头鹟莺
1007,莺科,宽嘴鹟莺
1008,莺科,棕脸鹟莺
1009,莺科,黑脸鹟莺
1010,莺科,黄腹鹟莺
1011,莺科,沼泽大尾莺
1012,莺科,大草莺
1013,莺科,黑脸噪鹛
1014,莺科,白喉噪鹛
1015,莺科,白冠噪鹛
1016,莺科,小黑领噪鹛
1017,莺科,黑领噪鹛
1018,莺科,条纹噪鹛
1019,莺科,白颈噪鹛
1020,莺科,褐胸噪鹛
1021,莺科,栗颈噪鹛
1022,莺科,黑喉噪鹛
1023,莺科,黄喉噪鹛
1024,莺科,栗臀噪鹛
1025,莺科,山噪鹛
1026,莺科,黑额山噪鹛
1027,莺科,灰翅噪鹛
1028,莺科,棕颏噪鹛
1029,莺科,斑背噪鹛
1030,莺科,白点鹛
1031,莺科,大噪鹛
1032,莺科,眼纹噪鹛
1033,莺科,灰胁噪鹛
1034,莺科,棕噪鹛
1035,莺科,斑胸噪鹛
1036,莺科,画眉
1037,莺科,白颊噪鹛
1038,莺科,细纹噪鹛
1039,莺科,蓝翅噪鹛
1040,莺科,纯色噪鹛
1041,莺科,橙翅噪鹛
1042,莺科,杂色噪鹛
1043,莺科,灰腹噪鹛
1044,莺科,黑顶噪鹛
1045,莺科,玉山噪鹛
1046,莺科,红头噪鹛
1047,莺科,丽色噪鹛
1048,莺科,赤尾噪鹛
1049,莺科,红翅薮鹛
1050,莺科,灰胸薮鹛
1051,莺科,黄痣薮鹛
1052,莺科,棕胸雅鹛
1053,莺科,白腹幽鹛
1054,莺科,棕头幽鹛
1055,莺科,长嘴钩嘴鹛
1056,莺科,斑胸钩嘴鹛
1057,莺科,锈脸钩嘴鹛
1058,莺科,灰头钩嘴鹛
1059,莺科,棕颈钩嘴鹛
1060,莺科,棕头钩嘴鹛
1061,莺科,红嘴钩嘴鹛
1062,莺科,剑嘴鹛
1063,莺科,长嘴鹩鹛
1064,莺科,灰岩鹪鹛
1065,莺科,短尾鹪鹛
1066,莺科,纹胸鹪鹛
1067,莺科,鳞胸鹪鹛
1068,莺科,小鳞胸鹪鹛
1069,莺科,短尾鹩鹛
1070,莺科,锈喉鹩鹛
1071,莺科,斑翅鹩鹛
1072,莺科,丽星鹩鹛
1073,莺科,长尾鹩鹛
1074,莺科,楔头鹩鹛
1075,莺科,红额穗鹛
1076,莺科,红头穗鹛
1077,莺科,金头穗鹛
1078,莺科,黑头穗鹛
1079,莺科,斑颈穗鹛
1080,莺科,纹胸巨鹛
1081,莺科,红顶鹛
1082,莺科,金眼鹛雀
1083,莺科,宝兴鹛雀
1084,莺科,矛纹草鹛
1085,莺科,大草鹛
1086,莺科,棕草鹛
1087,莺科,银耳相思鸟
1088,莺科,红嘴相思鸟
1089,莺科,斑胁姬鹛
1090,莺科,棕腹鵙鹛
1091,莺科,红翅鵙鹛
1092,莺科,淡绿鵙鹛
1093,莺科,栗喉鵙鹛
1094,莺科,栗额鵙鹛
1095,莺科,白头鵙鹛
1096,莺科,锈额斑翅鹛
1097,莺科,白眶斑翅鹛
1098,莺科,纹头斑翅鹛
1099,莺科,纹胸斑翅鹛
1100,莺科,灰头斑翅鹛
1101,莺科,台湾斑翅鹛
1102,莺科,蓝翅希鹛
1103,莺科,斑喉希鹛
1104,莺科,火尾希鹛
1105,莺科,金胸雀鹛
1106,莺科,金额雀鹛
1107,莺科,黄喉雀鹛
1108,莺科,栗头雀鹛
1109,莺科,白眉雀鹛
1110,莺科,高山雀鹛
1111,莺科,棕头雀鹛
1112,莺科,褐头雀鹛
1113,莺科,路德雀鹛
1114,莺科,棕喉雀鹛
1115,莺科,褐顶雀鹛
1116,莺科,褐胁雀鹛
1117,莺科,褐脸雀鹛
1118,莺科,灰眶雀鹛
1119,莺科,白眶雀鹛
1120,莺科,栗背奇鹛
1121,莺科,黑顶奇鹛
1122,莺科,灰奇鹛
1123,莺科,黑头奇鹛
1124,莺科,白耳奇鹛
1125,莺科,丽色奇鹛
1126,莺科,长尾奇鹛
1127,莺科,栗耳凤鹛
1128,莺科,白项凤鹛
1129,莺科,黄颈凤鹛
1130,莺科,纹喉凤鹛
1131,莺科,白领凤鹛
1132,莺科,棕肛凤鹛
1133,莺科,褐头凤鹛
1134,莺科,黑额凤鹛
1135,莺科,白腹凤鹛
1136,莺科,火尾绿鹛
1137,莺科,文须雀
1138,莺科,红嘴鸦雀
1139,莺科,三趾鸦雀
1140,莺科,褐鸦雀
1141,莺科,灰头鸦雀
1142,莺科,斑胸鸦雀
1143,莺科,点胸鸦雀
1144,莺科,白眶鸦雀
1145,莺科,棕头鸦雀
1146,莺科,褐翅鸦雀
1147,莺科,灰喉鸦雀
1148,莺科,暗色鸦雀
1149,莺科,灰冠鸦雀
1150,莺科,黄额鸦雀
1151,莺科,橙额鸦雀
1152,莺科,金色鸦雀
1153,莺科,短尾鸦雀
1154,莺科,黑眉鸦雀
1155,莺科,红头鸦雀
1156,莺科,震旦鸦雀
1157,莺科,灰白喉林莺
1158,莺科,白喉林莺
1159,莺科,沙白喉林莺
1160,莺科,漠地林莺
1161,莺科,横斑林莺
1162,百灵科,歌百灵
1163,百灵科,二斑百灵
1164,百灵科,长嘴百灵
1165,百灵科,蒙古百灵
1166,百灵科,白翅百灵
1167,百灵科,黑百灵
1168,百灵科,短趾百灵
1169,百灵科,细嘴短趾百灵
1170,百灵科,亚洲短趾百灵
1171,百灵科,凤头百灵
1172,百灵科,云雀
1173,百灵科,日本云雀
1174,百灵科,小云雀
1175,百灵科,角百灵
1176,太阳鸟科,厚嘴啄花鸟
1177,太阳鸟科,黄肛啄花鸟
1178,太阳鸟科,黄腹啄花鸟
1179,太阳鸟科,纯色啄花鸟
1180,太阳鸟科,红胸啄花鸟
1181,太阳鸟科,朱背啄花鸟
1182,太阳鸟科,紫颊直嘴太阳鸟
1183,太阳鸟科,蓝枕花蜜鸟
1184,太阳鸟科,黄腹花蜜鸟
1185,太阳鸟科,紫色花蜜鸟
1186,太阳鸟科,蓝喉太阳鸟
1187,太阳鸟科,绿喉太阳鸟
1188,太阳鸟科,叉尾太阳鸟
1189,太阳鸟科,黑胸太阳鸟
1190,太阳鸟科,黄腰太阳鸟
1191,太阳鸟科,火尾太阳鸟
1192,太阳鸟科,长嘴捕蛛鸟
1193,太阳鸟科,纹背捕蛛鸟
1194,麻雀科,黑顶麻雀
1195,麻雀科,家麻雀
1196,麻雀科,黑胸麻雀
1197,麻雀科,山麻雀
1198,麻雀科,树麻雀
1199,麻雀科,石雀
1200,麻雀科,白斑翅雪雀
1201,麻雀科,褐翅雪雀
1202,麻雀科,白腰雪雀
1203,麻雀科,黑喉雪雀
1204,麻雀科,棕颈雪雀
1205,麻雀科,棕背雪雀
1206,麻雀科,山鹡鸰
1207,麻雀科,白鹡鸰
1208,麻雀科,黑背鹡鸰
1209,麻雀科,日本鹡鸰
1210,麻雀科,黄头鹡鸰
1211,麻雀科,黄鹡鸰
1212,麻雀科,灰鹡鸰
1213,麻雀科,理氏鹨
1214,麻雀科,田鹨
1215,麻雀科,平原鹨
1216,麻雀科,布莱氏鹨
1217,麻雀科,林鹨
1218,麻雀科,树鹨
1219,麻雀科,北鹨
1220,麻雀科,草地鹨
1221,麻雀科,红喉鹨
1222,麻雀科,粉红胸鹨
1223,麻雀科,水鹨
1224,麻雀科,黄腹鹨
1225,麻雀科,山鹨
1226,麻雀科,领岩鹨
1227,麻雀科,高原岩鹨
1228,麻雀科,鸲岩鹨
1229,麻雀科,棕胸岩鹨
1230,麻雀科,棕眉山岩鹨
1231,麻雀科,褐岩鹨
1232,麻雀科,黑喉岩鹨
1233,麻雀科,贺兰山岩鹨
1234,麻雀科,栗背岩鹨
1235,麻雀科,黑喉织布鸟
1236,麻雀科,纹胸织布鸟
1237,麻雀科,黄胸织布鸟
1238,麻雀科,红梅花雀
1239,麻雀科,白腰文鸟
1240,麻雀科,斑文鸟
1241,麻雀科,栗腹文鸟
1242,麻雀科,禾雀
1243,燕雀科,苍头燕雀
1244,燕雀科,燕雀
1245,燕雀科,金额丝雀
1246,燕雀科,金翅雀
1247,燕雀科,高山金翅雀
1248,燕雀科,黑头金翅雀
1249,燕雀科,黄雀
1250,燕雀科,藏黄雀
1251,燕雀科,红额金翅雀
1252,燕雀科,极北朱顶雀
1253,燕雀科,白腰朱顶雀
1254,燕雀科,黄嘴朱顶雀
1255,燕雀科,赤胸朱顶雀
1256,燕雀科,林岭雀
1257,燕雀科,高山岭雀
1258,燕雀科,褐头岭雀
1259,燕雀科,粉红腹岭雀
1260,燕雀科,红眉金翅雀
1261,燕雀科,赤翅沙雀
1262,燕雀科,蒙古沙雀
1263,燕雀科,巨嘴沙雀
1264,燕雀科,长尾雀
1265,燕雀科,赤朱雀
1266,燕雀科,暗胸朱雀
1267,燕雀科,普通朱雀
1268,燕雀科,红眉朱雀
1269,燕雀科,曙红朱雀
1270,燕雀科,玫红眉朱雀
1271,燕雀科,酒红朱雀
1272,燕雀科,棕朱雀
1273,燕雀科,沙色朱雀
1274,燕雀科,北朱雀
1275,燕雀科,斑翅朱雀
1276,燕雀科,点翅朱雀
1277,燕雀科,白眉朱雀
1278,燕雀科,红腰朱雀
1279,燕雀科,拟大朱雀
1280,燕雀科,大朱雀
1281,燕雀科,红胸朱雀
1282,燕雀科,藏雀
1283,燕雀科,松雀
1284,燕雀科,红眉松雀
1285,燕雀科,血雀
1286,燕雀科,红交嘴雀
1287,燕雀科,白翅交嘴雀
1288,燕雀科,褐灰雀
1289,燕雀科,红头灰雀
1290,燕雀科,灰头灰雀
1291,燕雀科,红腹灰雀
1292,燕雀科,锡嘴雀
1293,燕雀科,黑尾蜡嘴雀
1294,燕雀科,黑头蜡嘴雀
1295,燕雀科,黄颈拟蜡嘴雀
1296,燕雀科,白点翅拟蜡嘴雀
1297,燕雀科,白斑翅拟蜡嘴雀
1298,燕雀科,金枕黑雀
1299,燕雀科,朱鹀
1300,燕雀科,凤头鹀
1301,燕雀科,蓝鹀
1302,燕雀科,黄鹀
1303,燕雀科,白头鹀
1304,燕雀科,藏鹀
1305,燕雀科,灰眉岩鹀
1306,燕雀科,戈氏岩鹀
1307,燕雀科,三道眉草鹀
1308,燕雀科,栗斑腹鹀
1309,燕雀科,灰颈鹀
1310,燕雀科,圃鹀
1311,燕雀科,白眉鹀
1312,燕雀科,栗耳鹀
1313,燕雀科,小鹀
1314,燕雀科,黄眉鹀
1315,燕雀科,田鹀
1316,燕雀科,黄喉鹀
1317,燕雀科,黄胸鹀
1318,燕雀科,栗鹀
1319,燕雀科,黑头鹀
1320,燕雀科,褐头鹀
1321,燕雀科,硫黄鹀
1322,燕雀科,灰头鹀
1323,燕雀科,灰鹀
1324,燕雀科,苇鹀
1325,燕雀科,芦鹀
1326,燕雀科,红颈苇鹀
1327,燕雀科,黍鹀
1328,燕雀科,铁爪鹀
1329,燕雀科,雪鹀
