4327,上海南汇,上海海事大学
4938,上海南汇,滴水湖
7030,上海南汇,南汇嘴停车场
1154,上海南汇,芦潮港
6406,上海南汇,临港新城河岸带
880,上海南汇,野生动物园
1300,上海南汇,浦东机场
1737,上海南汇,东滩禁猎区
5256,上海南汇,惠南镇
5118,上海南汇,滨海森林公园
1655,上海南汇,浦东康桥苗圃
5222,上海嘉定,中科院应用物理所
5225,上海嘉定,江桥片林
5224,上海嘉定,黄渡林业园
6533,上海嘉定,上海汽车博览公园
3828,上海嘉定,浏岛风景区
6699,上海嘉定,留云公园
5223,上海嘉定,方泰花木园艺场
4423,上海嘉定,江桥镇
2525,上海嘉定,古猗园
329,上海奉贤,南桥镇
422,上海奉贤,星火农场
321,上海奉贤,育秀实验学校
346,上海奉贤,古华园
629,上海奉贤,江海花园
506,上海奉贤,光明镇
2748,上海奉贤,上师大奉贤校区
1749,上海奉贤,海湾镇沿岸
431,上海奉贤,海湾镇
320,上海奉贤,钱桥镇
533,上海奉贤,菜场路花鸟市场
2270,上海奉贤,海湾国家森林公园
2751,上海奉贤,海湾旅游区
2128,上海奉贤,世纪林
2055,上海奉贤,竹港南闸口
2698,上海奉贤,燎原农场
2000,上海奉贤,全区
971,上海奉贤,四团镇
872,上海奉贤,五四农场
6459,上海崇明,陈家镇
5679,上海崇明,东滩湿地公园
6775,上海崇明,南八效
1156,上海崇明,东平森林公园
3093,上海崇明,南门港瀛洲公园
3592,上海崇明,前进远卓教育基地
3065,上海崇明,陈海公路
5176,上海崇明,牛棚港
13,上海崇明,东滩保护区
3074,上海崇明,城桥中学
6785,上海崇明,堡镇北
5812,上海崇明,港西镇
7177,上海崇明,北八滧
5482,上海崇明,崇西湿地实验站
6937,上海崇明,南八效港~堡镇港
2747,上海崇明,西沙湿地
1044,上海崇明,北湖
3759,上海崇明,横沙岛
2008,上海崇明,堡镇码头
3758,上海崇明,长兴岛
3094,上海崇明,明珠湖
6781,上海崇明,北八效~北六效
755,上海崇明,前卫村
7258,上海崇明,南四滧以西旧堤林
4221,上海川沙,曹路镇顾三村林地
1311,上海川沙,川沙公园
125,上海川沙,九段沙保护区
1691,上海川沙,川沙镇
1549,上海川沙,三甲港
7513,上海川沙,上海周浦
1731,上海市区,淞南公园
453,上海市区,上海动物园
1642,上海市区,粤秀路“垃圾”山
3600,上海市区,浦东东郊宾馆
1105,上海市区,华东师大中北校区
2084,上海市区,闸北公园
4256,上海市区,宝山卫斯嘉生态园
2376,上海市区,闵行春申万科城
875,上海市区,龙华烈士陵园
1232,上海市区,大宁灵石公园
3604,上海市区,马桥镇水源涵养林
3936,上海市区,吴淞炮台湾公园
1461,上海市区,绿地休闲园
2360,上海市区,华东师大闵行校区
564,上海市区,外环线浦西南段
7308,上海市区,延中绿地
1568,上海市区,同济大学杨浦本部
214,上海市区,长桥花鸟市场
4197,上海市区,浦东合庆
5597,上海市区,世博园
2365,上海市区,上海交大闵行校区
7387,上海市区,新江湾城公园
7115,上海市区,新江湾城
4402,上海市区,中环凯旋宫黑森林
739,上海市区,襄阳公园
3926,上海市区,番禺绿地
6152,上海市区,梦清园
31,上海市区,上海植物园
3495,上海市区,周公馆
2673,上海市区,浦东北新村
2529,上海市区,祥和公园
1615,上海市区,吴淞码头
6844,上海市区,罗泾水源涵养林
1250,上海市区,黄兴公园
1579,上海市区,华东政法万航校区
470,上海市区,世纪公园
1580,上海市区,中山公园
3199,上海市区,闵行华漕镇红卫村
566,上海市区,闵行颛桥
6774,上海市区,高东生态园
266,上海市区,上海南站
6621,上海市区,闵行龙柏街道
339,上海市区,康健园
567,上海市区,复旦大学邯郸校区
3831,上海市区,宝山顾村
353,上海市区,卢湾高级中学
6640,上海市区,杨浦公园
2092,上海市区,人民公园
4091,上海市区,闵行公园
738,上海市区,外环线绿地公园
722,上海市区,万竹园
2364,上海市区,闵行开发区公园
796,上海市区,长风公园
6778,上海市区,徐汇滨江
7316,上海市区,陆家嘴
2802,上海市区,七宝中学
897,上海市区,全市
12,上海市区,江湾老机场
72,上海市区,共青森林公园
2119,上海市区,上海科技馆生态林
4239,上海市区,六号线五洲大道站
1270,上海市区,金桥公园
2968,上海市区,浦江镇森林公园
2766,上海市区,苏州河清水湾
4940,上海市区,浦江镇响水湾农庄
551,上海市区,复旦大学枫林校区
4259,上海市区,复兴岛公园
5593,上海市区,轻轨3号线漕溪路
4226,上海市区,浦东金家村苗圃
3177,上海市区,宋庆龄陵园
3610,上海市区,闵行红园
4200,上海市区,复旦大学江湾校区
6679,上海市区,滨江公园
5773,上海市区,市北初级中学
153,上海市区,上海中学
480,上海市区,南浦大桥
6636,上海市区,蓬莱公园
3948,上海市区,宝山区临江公园
814,上海市区,新虹桥中心花园
5900,上海市区,曹杨二中
1285,上海市区,闵行体育公园
2663,上海市区,虹口公园
7199,上海市区,上海西郊
3496,上海市区,复兴公园
7178,上海市区,炮台湾湿地
4237,上海市区,外环绿带曹路段
2201,上海市区,外环和沪宁铁路
264,上海市区,天山公园
87,上海市区,上海师范大学
6120,上海市区,外滩
426,上海市区,宝山宝钢水库
512,上海市区,外环线
1093,上海市区,上海滨江森林公园
2397,上海市区,闵行滨江公园
3886,上海市区,虹口区广中路
6902,上海市区,后滩公园
2662,上海市区,闵行吴泾紫竹荒地
746,上海市区,光启公园
4238,上海市区,外环绿带高东段
490,上海市区,宝杨路码头
6700,上海市区,环城绿化带宝山段
3916,上海市区,吴淞中学
3067,上海市区,徐家汇公园
2098,上海市区,普陀公安局
538,上海松江,天马山
1594,上海松江,大学城周边
3080,上海松江,华侨城荒地
741,上海松江,佘山公园
2377,上海松江,青青旅游世界
3081,上海松江,水生植物园
4266,上海松江,九号线洞泾站
1669,上海松江,上海外国语大学
2852,上海松江,大学城东华校区
570,上海松江,罗山
569,上海松江,横山
5546,上海松江,辰山植物园
568,上海松江,小昆山
6639,上海松江,月湖雕塑公园
3494,上海松江,叶榭镇浦南林地
1170,上海金山,大金山岛
3630,上海金山,查山
5916,上海金山,石化地区
2683,上海金山,滨海公园
1748,上海金山,漕泾镇沿岸
1179,上海青浦,朱家角
7188,上海青浦,岑卜村
73,上海青浦,淀山湖
3762,上海青浦,练塘
531,上海青浦,东方绿舟
2850,云南丘北,普者黑风景区
5467,云南东川,轿子山
2925,云南个旧,老厂
1528,云南个旧,贾沙Y沙底
3033,云南个旧,红河河谷
839,云南个旧,倘甸
1204,云南个旧,白坡水库
1139,云南个旧,个旧湖
6131,云南个旧,白云山
837,云南个旧,乌谷哨-牛灞荒
977,云南个旧,马吃水前后山
1530,云南个旧,绿水河
5466,云南个旧,贾沙河
1877,云南个旧,大屯海
59,云南个旧,宝华公园
1011,云南个旧,莲花池
1297,云南中甸,虎跳峡
1299,云南中甸,贺龙桥
614,云南中甸,松赞林寺
4087,云南中甸,高山植物园
613,云南中甸,纳帕海
615,云南中甸,碧塔海
1298,云南中甸,碧苒峡谷
3972,云南中甸,普达错国家公园
4123,云南中甸,小中甸
4124,云南中甸,香港探险协会后山
1132,云南临沧,临沧市区
390,云南丽江,拉市海
4435,云南丽江,万古楼
4180,云南丽江,蓝月谷
5649,云南丽江,玉龙雪山骑马道
1296,云南丽江,文笔山
5058,云南丽江,七仙湖
5191,云南丽江,郊区
3711,云南丽江,狮子山
1545,云南丽江,玉龙雪山云杉坪
7181,云南丽江,团山水库
4059,云南丽江,玉龙雪山收费站
6323,云南丽江,玉龙雪山大索道
4158,云南丽江,白沙后山
1293,云南丽江,西郊田野
4440,云南丽江,机场
611,云南丽江,黑龙潭
5344,云南丽江,老君山
3343,云南丽江,文海
4403,云南丽江,金安乡
4404,云南丽江,玉龙雪山白水河
4396,云南丽江,九河
5443,云南丽江,福国寺
6682,云南丽江,火车南站后山
610,云南丽江,机场路
643,云南丽江,涑河老村
1988,云南会泽,大桥乡
5157,云南保山,车站农田
342,云南保山,高黎贡山百花岭
352,云南保山,花鸟市场
2054,云南保山,赧浒傣家村寨
341,云南保山,大海子
3960,云南保山,高黎贡山赧亢
2916,云南保山,潞江坝
2088,云南保山,隆阳区赛格
3951,云南保山,延怒江老公路
2052,云南保山,高黎贡山保山段
156,云南保山,太保公园
3761,云南元江,红河河谷
2735,云南元阳,黄茅岭
2574,云南元阳,胜村乡主鲁森林
2734,云南元阳,新街
2573,云南元阳,胜村乡麻栗寨
5135,云南元阳,东观音山
2739,云南元阳,南沙
7259,云南六库,向阳桥
1993,云南六库,六库
1605,云南六库,青山公园
2077,云南凤庆,小湾电站
3330,云南剑川,剑川
281,云南华宁,象鼻山庄
6251,云南南华,大中山自然保护区
3511,云南双柏,恐龙河
5468,云南呈贡,梁王山
6590,云南大理,古城玉洱公园
3921,云南大理,沙坪
7506,云南大理,鹤庆黄龙潭
1595,云南大理,苍山
1544,云南大理,洱海
7541,云南大理,鹤庆草海
6581,云南大理,鸡足山
5057,云南大理,桃源村
3920,云南大理,才村码头
5442,云南大理,大理机场
5301,云南姚安,弥兴镇永保冲细武
6182,云南孟海,勐龙镇-勐宋村
3309,云南孟海,布朗山乡
5182,云南孟海,打洛森林公园
4109,云南孟海,勐宋乡-勐海镇
5587,云南孟海,布龍保護區
6181,云南孟腊,中科院版纳植物园
6047,云南孟腊,西双版纳植物园
2749,云南孟腊,勐腊县城
1917,云南孟腊,中科院热带植物园
2281,云南孟腊,尚勇保护区
1191,云南孟腊,望天树
1925,云南孟腊,绿石林
3073,云南孟腊,勐腊保护区
6305,云南孟腊,勐远仙境
6351,云南孟连,那勒
5184,云南孟连,娜允镇
4114,云南宁蒗,Lugu hu
612,云南宁蒗,泸沽湖
3712,云南宁蒗,子补河
6956,云南安宁,温泉镇
2168,云南宜良,汤池村
2169,云南宜良,九乡国家级风景区
7319,云南宜良,禄丰村
7273,云南宜良,南盘江
4070,云南宣威,西泽乡
1789,云南宾川,海稍水库
2780,云南宾川,鸡足山
3520,云南富宁,富宁县
5669,云南屏边,腊哈地
2733,云南屏边,五里冲水库
851,云南屏边,大围山
337,云南嵩明,白邑乡南营村
1878,云南巍山,青华乡
2834,云南广南,广南
850,云南建水,建水文庙
2732,云南建水,建水坝子
4199,云南建水,绵羊冲水库
1921,云南开远,西山华西村林地
7364,云南开远,垭勒
1911,云南开远,南洞风景区
7354,云南开远,人工湖
2191,云南开远,绿差冲附近山地
1815,云南开远,三角海水库
1829,云南开远,东山姑娘洞
1909,云南开远,灵芝湖森林公园
1830,云南开远,泸江公园附近农田
1898,云南开远,长沟
6103,云南弥勒,大树龙潭
968,云南弥勒,湖泉生态园
969,云南弥勒,西三乡
1879,云南弥渡,上达村龙潭
2387,云南德钦,施坝
1021,云南德钦,明永冰川
4960,云南德钦,梅里神山地区
3678,云南德钦,飞来寺
1302,云南德钦,白马雪山
4757,云南德钦,雨崩村
1301,云南德钦,东竹林寺
2096,云南德钦,德钦
127,云南思茅,思茅港镇忙坝社
2320,云南思茅,翠云区何家寨
6317,云南思茅,孟连县
3961,云南思茅,澜沧县糯扎渡
2559,云南思茅,思茅地区
2253,云南思茅,洗马河公园
3208,云南思茅,菜阳河保护区
2837,云南思茅,市区石头山
3245,云南新平,磨盘山
4179,云南新平,磨盘山外围
1881,云南新平,戛洒哀牢山
5031,云南昆明,海埂公园
5122,云南昆明,大观楼公园
7498,云南昆明,昆明树木园
5579,云南昆明,五甲塘湿地公园
5429,云南昆明,禄劝县白塔山
280,云南昆明,滇池草海西岸
1915,云南昆明,云南大学
5598,云南昆明,世博园
1237,云南昆明,筇竹寺
2285,云南昆明,卧云山
7573,云南昆明,滇池大坝湿地公园
3035,云南昆明,大观园南园
6471,云南昆明,莲花池公园
5562,云南昆明,昙华寺公园
838,云南昆明,草海东岸
957,云南昆明,金殿公园
295,云南昆明,植物园（黑龙潭）
325,云南昆明,西山
6784,云南昆明,世博生态城
282,云南昆明,西山区明朗水库
3521,云南昆明,石林
7594,云南昆明,麦冲村培力青旅
3458,云南昆明,五华绿地广场
2214,云南昆明,西南林学院
5320,云南昆明,西南林业大学
5357,云南昆明,华曦生态山庄
5651,云南昆明,植物园
693,云南昆明,翠湖公园
3427,云南昆明,震庄宾馆院内
3707,云南昆明,草海公园（筹建）
4955,云南昆明,安宁市张家坝水库
1228,云南昆明,昆明理工大学
958,云南昆明,金碧路废弃工地
7357,云南昆明,昆明植物园
6973,云南昆明,云南省工人疗养院
2537,云南昆明,桂皇阁
3185,云南昆明,白沙河水库
7260,云南昆明,云南省电力干校
1625,云南昆明,郊野公园
6972,云南昆明,海埂足球训练基地
7527,云南昆明,长虫山（沙坝营）
6970,云南昆明,云南师范大学本部
963,云南昆明,西山区团结乡
2286,云南昆明,呼马山
6971,云南昆明,云南省粮食研究所
3214,云南昆明,官渡区大板桥镇
1236,云南昆明,西华公园
2188,云南易门,大龙口国家森林公
6921,云南昭通,绥江县
4951,云南昭通,大山包
3992,云南晋宁,白鱼河口湿地
2186,云南普洱,板山
4998,云南普洱,菜阳河
1880,云南景东,景东坝子
1863,云南景东,哀牢山生态站
5991,云南景洪,勐腊望天树
5990,云南景洪,漫旦水库
6059,云南景洪,版纳热带花卉园
3308,云南景洪,勐龙镇勐宋村
6049,云南景洪,西双版纳植物园
6060,云南景洪,森林公园
7122,云南景洪,勐远
1728,云南景洪,勐养野象谷
3310,云南景洪,澜沧江市区段
3389,云南景洪,澜沧江橄榄坝附近
3283,云南景洪,景洪市郊
4078,云南景洪,纳板河保护区
5989,云南景洪,勐腊南贡山
1916,云南景洪,版纳保护区管理局
3186,云南曲靖,沾益海峰湿地
4069,云南曲靖,寥廓公园
4068,云南曲靖,小坡上村周围
1245,云南楚雄,紫溪山
5650,云南楚雄,禄丰县小团山村
3721,云南武定,插甸乡上沾良村
3126,云南武定,发窝乡
4053,云南武定,环州乡乔山村
6402,云南永胜,金移村-沿江村
4174,云南江城,大竹棚垭口
4189,云南江城,麻栗箐
4173,云南江城,十层大山
849,云南江川,抚仙湖
2740,云南江川,星云湖
1934,云南沧源,孟定
1959,云南沧源,南滚河自然保护区
1933,云南沧源,班洪
798,云南河口,边防站红河沿岸
5465,云南河口,花鱼洞
7094,云南河口,坝洒农场
1604,云南泸水,片马
2358,云南洱源,西湖
5183,云南潞西,象达
5030,云南潞西,孔雀湖
3258,云南澄江,凤山
3027,云南澄江,抚仙湖北岸
4090,云南澄江,东大河水库
4392,云南澄江,梁王河水库
2183,云南牟定,化佛山
3877,云南玉溪,出水口公园
7320,云南玉溪,渔户村
4823,云南玉溪,红塔工业园
4429,云南瑞丽,姐告
2086,云南瑞丽,南京里
2539,云南瑞丽,畹町生态园
3428,云南瑞丽,瑞丽
1694,云南瑞丽,莫里热带雨林区
2116,云南瑞丽,瑞丽江
3587,云南瑞丽,畹町农田
3467,云南瑞丽,孟嘎
3301,云南瑞丽,姐勒水库
5028,云南瑞丽,瑞丽植物园
5626,云南盈江,昔马乡
5168,云南盈江,那邦农田
4206,云南盈江,昔马古道
5601,云南盈江,卡场乡
1696,云南盈江,盈江东侧山地
3441,云南盈江,榕树王景区
3414,云南盈江,铜壁关
6683,云南盈江,腊卖村
5604,云南盈江,丙汗大桥
3305,云南盈江,大盈江桥
2434,云南盈江,那邦
4203,云南盈江,平原
847,云南石屏,异龙湖
5185,云南石屏,扬武
5141,云南石屏,冒合
2260,云南石屏,坝心镇
3925,云南石屏,小河底河
3952,云南福贡,垭坪
4302,云南红河,红河峡谷
1918,云南维西,塔城镇响谷箐村
1022,云南维西,萨玛阁林区
2736,云南绿春,大风垭口
3955,云南绿春,黄连山保护区
2737,云南绿春,大水沟
2738,云南绿春,大黑山
1229,云南罗平,以洪乡
2790,云南罗平,多依河&鲁布革
6175,云南罗平,九龙瀑布景区
5207,云南腾冲,大塘
2799,云南腾冲,火山公园
2051,云南腾冲,腾冲县城
2523,云南腾冲,热海景区
2409,云南腾冲,北海湿地
4249,云南腾冲,云峰山
1640,云南腾冲,和顺侨乡
6419,云南腾冲,北海打苴
1693,云南腾冲,来凤山森林公园
1998,云南腾冲,大蒿坪
5208,云南腾冲,大脑子
6685,云南腾冲,林家铺
1613,云南蒙自,长桥海
2319,云南西盟,新县城勐梭龙潭
6455,云南西盟,永不落村
2318,云南西盟,岳宋乡曼亨村山地
7261,云南贡山,丹当公园
3421,云南贡山,自然公园
6998,云南贡山,独龙江垭口
2208,云南贡山,独龙江
1603,云南贡山,丙中洛
7291,云南路南,狮子山
2522,云南路南,石林景区
297,云南路南,乃古石林
7296,云南路南,大叠水瀑布
848,云南通海,通海坝子
2166,云南通海,秀山
2167,云南通海,星云湖
4821,云南金平,红河河谷
3956,云南金平,分水岭保护区
1135,云南镇康,南伞镇，中缅口岸
3753,云南镇沅,民江山
4093,云南陇川,隴川
4231,云南陇川,户撒东山
5029,云南陇川,灵山寺
4230,云南陇川,户撒田
2430,云南陇川,户撒
1244,云南鹤庆,石宝山
3266,云南鹤庆,鹤庆草海
3539,内蒙古东胜,成吉思汗陵
580,内蒙古东胜,泊江海子乡
6837,内蒙古丰镇,G208丰镇段
3465,内蒙古临河,新华镇慈云寺海子
3641,内蒙古临河,乌拉特后旗青山镇
3527,内蒙古临河,乌梁素海
3344,内蒙古临河,巴彦淖尔
3613,内蒙古临河,黑驴驹
3443,内蒙古临河,黄河岸边滩涂地
3430,内蒙古临河,黄河引水渠
5446,内蒙古乌兰浩特,阿尔山
1037,内蒙古乌兰浩特,科尔沁自然保护区
3923,内蒙古乌兰浩特,阿尔山白狼林场
7189,内蒙古乌审,萨拉乌苏湿地公园
7105,内蒙古乌拉特前镇,乌梁素海
6421,内蒙古伊金霍洛旗,成陵
7103,内蒙古伊金霍洛旗,哈达图海子
223,内蒙古克什克腾旗,黄岗梁
225,内蒙古克什克腾旗,达里诺尔
3538,内蒙古包头,南海湿地
3780,内蒙古包头,乌梁素海
4449,内蒙古包头,五当昭
6835,内蒙古包头,希拉穆仁
6838,内蒙古呼和浩特,S104呼市段
2583,内蒙古呼和浩特,林业科学院植物园
5865,内蒙古呼和浩特,呼和浩特市植物园
2197,内蒙古太仆寺旗,宝昌镇附近草原
255,内蒙古宁城,郊区
3887,内蒙古扎赉特旗,图牧吉自然保护区
7033,内蒙古根河,汗马保护区
2976,内蒙古正蓝旗,上都镇
2979,内蒙古正蓝旗,哈根淖尔
2977,内蒙古正蓝旗,元上都遗址
2978,内蒙古正蓝旗,乌和尔沁敖包林场
3130,内蒙古正蓝旗,哈毕日嘎
2902,内蒙古海拉尔,呼伦贝尔大草原
2896,内蒙古海拉尔,市区
2901,内蒙古海拉尔,额尔古纳黑山头
3843,内蒙古海拉尔,莫尔道嘎
3906,内蒙古海拉尔,额尔古纳河边防路
3905,内蒙古海拉尔,额尔古纳市
2897,内蒙古海拉尔,呼伦贝尔市
3838,内蒙古海拉尔,乌兰诺尔
6325,内蒙古海拉尔,西山国家森林公园
2899,内蒙古满洲里,呼伦湖
2903,内蒙古满洲里,国门景区
2898,内蒙古满洲里,市区
7485,内蒙古满洲里,滑雪场周围
7473,内蒙古牙克石,博克图镇
7472,内蒙古牙克石,塔尔气镇
2614,内蒙古牙克石,乌尔旗汗林场
3431,内蒙古磴口,三盛公水利枢纽
3506,内蒙古磴口,沙金套海
2795,内蒙古赤峰,红山公园
6363,内蒙古赤峰,塔里湖
5885,内蒙古赤峰,巴林右旗查干诺尔
6836,内蒙古达拉特旗,银肯响沙湾
5419,内蒙古鄂温克,维纳河
3782,内蒙古鄂温克,新巴尔虎左旗
5758,内蒙古鄂温克,南辉
2900,内蒙古鄂温克,红花尔基森林公园
7025,内蒙古锡林浩特,查干诺尔（乌兰）
7108,内蒙古阿拉善左旗,南寺旅游区
6706,内蒙古阿拉善左旗,头道沙子
6381,内蒙古额尔古纳右旗,室韦
4168,内蒙古额济纳旗,左旗巴彦浩特镇
4107,内蒙古额济纳旗,阿拉善左旗公园
4220,内蒙古额济纳旗,腾格里工业园区
5529,内蒙古额济纳旗,巴丹吉林
4167,内蒙古额济纳旗,左旗诺仁高勒嘎查
2296,内蒙古额济纳旗,东居延海
4116,内蒙古额济纳旗,左旗新区公路旁
4169,内蒙古额济纳旗,左旗通古淖尔苏木
4204,内蒙古额济纳旗,贺兰山
356,北京大兴,麋鹿苑
694,北京大兴,半壁店森林公园
3401,北京大兴,经济技术开发区
7467,北京大兴,亦庄文化园
4477,北京大兴,东方时尚驾校
1757,北京大兴,黄村公园
1344,北京密云,南山滑雪场
265,北京密云,水库不老屯
836,北京密云,冶仙峰
324,北京密云,云湖渡假村
417,北京密云,泻水湖
2136,北京密云,金山岭长城
663,北京密云,雾灵山
5251,北京密云,太师屯镇，清水河
252,北京密云,司马台长城
3981,北京密云,黑龙潭
3127,北京密云,潮河及水库不老屯
1160,北京密云,水库宾馆及其后山
1258,北京密云,云峰山
2824,北京密云,潮河河西村段
5934,北京密云,五座楼
1706,北京密云,水库东侧，溪翁庄
944,北京密云,遥桥峪
843,北京密云,密云水库
787,北京密云,白河峡谷
2275,北京密云,西田各庄镇
3174,北京市区,元大都城垣遗址
2406,北京市区,门头沟三家店水库
1157,北京市区,人民日报院
801,北京市区,温榆河
5069,北京市区,公主坟
3542,北京市区,朝阳公园
425,北京市区,玉渊潭
3030,北京市区,中国农业大学东区
3671,北京市区,罗马湖
5404,北京市区,滨河公园
5210,北京市区,永定河大桥
6400,北京市区,奥森北园
2556,北京市区,摄影器材城
5341,北京市区,林业科学研究院
5108,北京市区,青年湖公园
1414,北京市区,三元桥
1168,北京市区,大觉寺
7592,北京市区,房山区 大石河
7575,北京市区,远洋自然小区
6870,北京市区,北京大学附属中学
936,北京市区,北京大学
5998,北京市区,装甲兵工程学院
4283,北京市区,景山公园
6405,北京市区,地坛公园
3614,北京市区,蟹岛
1776,北京市区,对外经济贸易大学
2283,北京市区,中国农机研究院
4835,北京市区,国子监
5043,北京市区,坂井
5295,北京市区,门头沟草帽山
1657,北京市区,房山区牛口峪水库
3656,北京市区,门头沟 黄草梁
1875,北京市区,中科院植物研究所
2650,北京市区,长安街
6427,北京市区,中科院奥运村园区
262,北京市区,光华里
4988,北京市区,玲珑公园
2716,北京市区,老山
2722,北京市区,北京一七一中
404,北京市区,北海
2433,北京市区,农展馆
1056,北京市区,四惠地铁站
5739,北京市区,北二环路
5690,北京市区,门头沟珍珠湖
5041,北京市区,西郊机场
1932,北京市区,北京林业大学
560,北京市区,颐和园西墙
6732,北京市区,北京玉渊潭公园
6855,北京市区,门头沟东灵山
685,北京市区,坝河湿地
7171,北京市区,东坝郊野公园
2254,北京市区,海淀苏家陀中学
1329,北京市区,紫竹院公园
993,北京市区,天坛
2839,北京市区,门头沟 雁翅
99,北京市区,颐和园
1334,北京市区,药用植物园
4838,北京市区,北京海淀公园
1463,北京市区,白草畔
2754,北京市区,房山区上方山
6396,北京市区,清河中段
2679,北京市区,故宫博物院
2999,北京市区,日坛公园
1116,北京市区,凤凰岭景区
844,北京市区,八宝山公墓
1910,北京市区,先农坛
2396,北京市区,北京语言文化大学
4993,北京市区,人定湖公园
6307,北京市区,房山区 花田湿地
2604,北京市区,闵庄
5325,北京市区,北京西站南广场
3190,北京市区,北京航空航天大学
1248,北京市区,门头沟 妙峰山
3682,北京市区,国贸
3202,北京市区,首都师范大学
5232,北京市区,门头沟区永定河
5010,北京市区,双秀公园
1181,北京市区,北京动物园
2719,北京市区,灵境胡同
917,北京市区,东灵山地区
6306,北京市区,康庄公园
2049,北京市区,清华大学
207,北京市区,北京师范大学
6354,北京市区,204国道
1042,北京市区,房山区 十渡
2363,北京市区,西北旺
5337,北京市区,解放军军乐团
6861,北京市区,石景山区黑石头村
1331,北京市区,中国农业大学西区
1656,北京市区,房山区 拒马河
1073,北京市区,北京植物园
1456,北京市区,门头沟区百花山
367,北京市区,北京大学医学部
5352,北京市区,塔园村
913,北京市区,门头沟109国道
572,北京市区,永定河引水渠
1777,北京市区,北京孔庙
4883,北京市区,清河西段
6064,北京市区,门头沟 戒台寺
1128,北京市区,百望山
1750,北京市区,鹫峰、阳台山地区
3878,北京市区,奥林匹克公园鸟巢
674,北京市区,上庄水库
6212,北京市区,人民大学
2690,北京市区,东城区 柳荫公园
279,北京市区,水碓湖
6470,北京市区,房山区 大宁水库
5621,北京市区,海淀公园
666,北京市区,翠湖
3349,北京市区,红旗村巨山家园
914,北京市区,海淀上庄水库
6308,北京市区,北宫森林公园
4863,北京市区,农大上庄实验站
1764,北京市区,积水潭
2691,北京市区,东城区 地坛公园
1281,北京市区,门头沟区 潭柘寺
5009,北京市区,月坛公园
219,北京市区,八大处
5045,北京市区,白石桥
5289,北京市区,三岔河
1425,北京市区,小龙门林场
4868,北京市区,北京莲花池公园
769,北京市区,阳台山
5288,北京市区,太阳宫公园
3659,北京市区,门头沟小龙门林场
3674,北京市区,金五星
3134,北京市区,西直门13线小河
1689,北京市区,陶然亭公园
4051,北京市区,卢沟桥
3155,北京市区,中山公园
3940,北京市区,苇沟
6538,北京市区,奥森南园
6448,北京市区,中科院生物物理所
5765,北京市区,工体
3931,北京市区,Xiao Che
5291,北京市区,丰台花园
4105,北京市区,奥林匹克森林公园
2635,北京市区,后海
4873,北京市区,中央党校
106,北京市区,圆明园
141,北京市区,香山
2623,北京市区,北京外国语大学
724,北京平谷,金海湖
998,北京平谷,四座楼自然保护区
3986,北京平谷,挂甲峪
1432,北京延庆,玉渡山
70,北京延庆,松山保护区
3055,北京延庆,后河峡谷
4926,北京延庆,九里梁
1635,北京延庆,妫水河及沿岸
104,北京延庆,野鸭湖
494,北京延庆,白河堡水库
4300,北京延庆,康西草原
1583,北京延庆,延庆农场
259,北京延庆,八达岭
4095,北京怀柔,Baihe Va
3605,北京怀柔,黄花城（水长城）
683,北京怀柔,喇叭沟门
939,北京怀柔,慕田峪
2484,北京怀柔,琉璃庙镇
2130,北京怀柔,汤河口
3010,北京怀柔,红鳟鱼一条沟
457,北京怀柔,云蒙山森林公园
2729,北京怀柔,青龙峡
332,北京怀柔,生存岛基地
719,北京怀柔,崎峰茶
5620,北京怀柔,白河峡谷
203,北京怀柔,水库
236,北京怀柔,响水湖
5471,北京怀柔,九渡河镇局里村
4000,北京怀柔,Huairou
6753,北京怀柔,宽沟招待所
899,北京怀柔,怀沙河
2354,北京怀柔,怀九河
260,北京房山,牛口峪水库
168,北京房山,拒马河
756,北京房山,108国道
2031,北京昌平,南口
2350,北京昌平,中关村生命科学园
6616,北京昌平,华夏陵园
1584,北京昌平,虎峪
6840,北京昌平,高崖口
4394,北京昌平,拉菲特城堡东
3213,北京昌平,十三陵景区定陵
3409,北京昌平,上庄村
4319,北京昌平,回龙观
7116,北京昌平,居庸关
392,北京昌平,碓臼峪
305,北京昌平,温榆河
6839,北京昌平,沟崖
6395,北京昌平,太平郊野公园
217,北京昌平,十三陵水库
4466,北京昌平,天通苑东三区
975,北京昌平,沙河水库
1989,北京昌平,白羊沟
4937,北京昌平,北京农学院
5271,北京昌平,上庄水库
1385,北京昌平,阳坊
5893,北京昌平,黑山寨村
868,北京昌平,十三陵景区永陵
1632,北京昌平,小汤山
696,北京朝阳,京顺路林带
215,北京朝阳,农展馆
742,北京朝阳,立水桥清水苑湿地
263,北京朝阳,苇沟
277,北京西城,官园鸟市
216,北京西城,紫竹院
3541,北京通县,定福庄人工湖
1722,北京通县,京杭运河-北关
2686,北京通县,潮白河京哈高速桥
3515,北京通县,京杭运河-六环桥
1417,北京通县,东关
3021,北京通县,师姑庄附近及县城
4297,北京通县,三八国际友谊林
2021,北京通县,温榆河高尔夫球场
118,北京门头沟,东灵山
238,北京门头沟,永定河雁翅
247,北京门头沟,三家店水库
248,北京门头沟,斋堂水库
644,北京门头沟,珍珠湖
3348,北京顺义,潮白河森林公园
1007,北京顺义,小中河
1740,北京顺义,牛栏山
498,北京顺义,汉石桥
3342,北京顺义,救护繁育中心
636,北京顺义,向阳闸
3819,北京顺义,中国残奥管理中心
5360,北京顺义,首都机场
5440,北京顺义,英各庄
3156,北京顺义,潮白河
1582,北京顺义,龙湾屯镇
3184,北京顺义,华中园
6578,台湾全岛,南投水里乡
7065,台湾全岛,新北金山
6480,台湾全岛,台湾大学
6656,台湾全岛,台中大雪山
6585,台湾全岛,新北新店溪
6546,台湾全岛,台南七股顶山
7023,台湾全岛,花莲.七星潭海岸
7007,台湾全岛,新竹清華大學
6529,台湾全岛,台北大屯山
7062,台湾全岛,北海沿海线
6526,台湾全岛,台南土城地区
7016,台湾全岛,新竹馬武督森林
6545,台湾全岛,新北坪林伏狮山
5087,台湾全岛,新北乌来桶后溪
6515,台湾全岛,台北大安森林公园
7067,台湾全岛,台东森林公园
4897,台湾全岛,台中鞍马山
7486,台湾全岛,新北乌来云景山庄
6495,台湾全岛,高雄中都湿地公园
6584,台湾全岛,新北直潭国小
4977,台湾全岛,台北五谷湿地
6478,台湾全岛,太鲁阁国家公园
6430,台湾全岛,钓鱼岛
7061,台湾全岛,新北三芝乡
6657,台湾全岛,新北野柳公园
4943,台湾全岛,台北阳明山
6577,台湾全岛,宜兰塭底湿地
7069,台湾全岛,台东知本森林公园
4871,台湾全岛,台北中正纪念堂
6481,台湾全岛,台中太平
7026,台湾全岛,台北故宫
7068,台湾全岛,台东初鹿牧场
6493,台湾全岛,台东鲤鱼山公园
7044,台湾全岛,新北
6576,台湾全岛,宜兰无尾港
6485,台湾全岛,新竹尖石乡
1172,台湾全岛,台南
7064,台湾全岛,新北九份
6583,台湾全岛,新北贡寮田寮洋
6498,台湾全岛,新北石碇乌塗溪
6525,台湾全岛,花莲奇莱山
6494,台湾全岛,恒春龍鑾潭
7338,台湾全岛,马祖
7063,台湾全岛,台北 淡水红树林
6491,台湾全岛,台中头汴坑溪
7075,台湾全岛,新北平溪
7035,台湾全岛,新竹地方法院
4908,台湾全岛,台湾全岛
6575,台湾全岛,玉山国家公园
4880,台湾全岛,垦丁国家公园
6489,台湾全岛,宜兰壮围乡
7074,台湾全岛,宜兰沿海线
1177,台湾全岛,台北关渡自然公园
6492,台湾全岛,南投特生中心
4911,台湾全岛,南投惠荪林场
7066,台湾全岛,花莲 理想大地度
6483,台湾全岛,宜兰员山
6496,台湾全岛,台南四草保护区
7070,台湾全岛,台东太麻里
6586,台湾全岛,宜兰福山植物园
7502,台湾全岛,花莲林田山
7073,台湾全岛,新竹绿世界
4846,台湾全岛,台北政治大学
6497,台湾全岛,台江国家公园
6479,台湾全岛,台湾师大公馆分部
6530,台湾全岛,嘉义鳌鼓湿地
6537,台湾全岛,台北植物園
7027,台湾全岛,台北.雁鸭公园
1518,吉林吉林,温德游园
3279,吉林吉林,龙潭山公园
5209,吉林吉林,长白岛
1487,吉林吉林,腰岭
4365,吉林吉林,雾凇岛
1788,吉林吉林,松花江市区江段
1486,吉林吉林,北山公园
5554,吉林延吉,延吉市公园
5555,吉林延吉,延吉大学后山
4878,吉林汪清,大荒沟林场
6243,吉林汪清,杜荒子林场
5887,吉林珲春,防川
7321,吉林珲春,三道沟
5744,吉林珲春,敬信
2213,吉林珲春,珲春
2178,吉林白城,岭下
4343,吉林白城,通榆十花道乡
2177,吉林白城,平台
4308,吉林白城,白城林科院
1028,吉林通榆,向海自然保护区
1029,吉林镇赉,莫莫格自然保护区
4285,吉林长春,西湖
3408,吉林长春,靠山苗圃
4157,吉林长春,南湖宾馆
3304,吉林长春,松苑宾馆
1069,吉林长春,净月潭森林公园
3294,吉林长春,东北师范大学
5313,吉林长春,经济开发区
4156,吉林长春,胜利公园
1067,吉林长春,南湖公园
4413,吉林长春,长春师范学院
3679,吉林长白,美人松雕塑公园
4332,吉林长白,抚松县漫江镇
1284,吉林长白,吉林长白山
3031,吉林长白,头道管理站
4376,吉林集安,青石镇
2129,吉林集安,吉林集安
3088,吉林集安,鸭绿江
3089,吉林集安,七星山
1247,四川乐山,乐山大佛景区
5573,四川乐山,三江湿地
5572,四川乐山,五通桥
4349,四川乐山,乌尤寺山
4353,四川乐山,老肖顶公园
2589,四川乐山,青衣江
4350,四川乐山,犍为罗城养老院
2544,四川乐山,海棠公園
4352,四川乐山,凤洲坝
269,四川乐山,市中区岷江南岸
2165,四川乐至,童家八角
2266,四川什邡,蓥华山
5021,四川仁寿,黑龙滩
1897,四川内江,西林大桥
1901,四川内江,三号桥
6649,四川内江,长坝山水库
6211,四川内江,内江大自然景区
6651,四川内江,沱江天宫堂大坝段
1907,四川内江,交通乡幸福新村
1905,四川内江,人民公园
1900,四川内江,市政协院内
1902,四川内江,白马灰沙湖
1904,四川内江,沱江大桥
1908,四川内江,隆昌古宇湖
1906,四川内江,凌家镇乌鸡冲
5303,四川剑阁,剑门关
4383,四川南充,北湖公园
4980,四川南充,西山风景区
4381,四川南充,西华师大新校区
5140,四川南充,市区嘉陵江边
4382,四川南充,西华师范大学
1704,四川双流,万安乡
5316,四川双流,西南民大新校区
7552,四川双流,四川大学江安校区
5583,四川大邑,花水湾镇
5592,四川大邑,斜江河
3299,四川大邑,静惠山
2843,四川大邑,西岭雪山
7277,四川天全,白沙河
1707,四川天全,喇叭河自然保护区
6408,四川天全,县城外天全河
7276,四川天全,文笔山
3440,四川安县,千佛山
3662,四川宜宾,翠屏山风景区
6088,四川宜宾,宜宾城区
2411,四川宜宾,宜宾长宁蜀南竹海
6919,四川宜宾,李庄古镇
3432,四川宜宾,向家坝水电站
723,四川宜宾,屏山老君山自然区
6321,四川宝兴,宝兴全县
6758,四川宝兴,蜂桶寨
6391,四川宝兴,邓池沟
6390,四川宝兴,神木垒景区
4155,四川宣汉,宣汉城区
5349,四川宣汉,插旗山
5780,四川富顺,晨光三厂
5778,四川富顺,怀德镇
6920,四川峨眉山,西南交大峨眉校区
933,四川峨眉山,峨眉山
2403,四川峨边,黑竹沟
6454,四川崇州,街子古镇
1184,四川崇州,白塔湖
1254,四川崇州,鞍子河自然保护区
1278,四川崇州,西山乡（一碗水）
5931,四川巴中,下八庙镇
902,四川平武,王朗自然保护区
137,四川平武,虎牙
7208,四川平武,木里城
5905,四川平武,南坝
1415,四川平武,老河沟林场
1999,四川平武,黄羊关乡
1354,四川平武,白马藏族村寨
1416,四川平武,百草
5302,四川广元,明月峡古栈道
4803,四川广元,凤凰山公园
5304,四川广元,南河湿地公园
5353,四川广安,思源广场
2584,四川广汉,三星堆博物馆
1661,四川广汉,鸭子河
3373,四川康定,六巴乡
997,四川康定,德格县竹庆寺
1443,四川康定,跑马山
1318,四川康定,石渠县
1312,四川康定,丹巴甲居
3370,四川康定,朋布西乡
3183,四川康定,泸定县海螺沟公园
2241,四川康定,甘孜县城
1019,四川康定,丹巴
6410,四川康定,雅拉乡
996,四川康定,石渠县洛须保护区
3182,四川康定,泸定县甘谷地乡
2112,四川康定,贡嘎山乡
2243,四川康定,炉霍泥巴乡
2259,四川康定,丹巴丹东
1306,四川康定,马尼干戈
2258,四川康定,丹巴布科
3374,四川康定,九龙县汤古乡
3375,四川康定,雅江县瓦多乡
1723,四川康定,泸定县二郎山林场
3066,四川康定,雅江县帕姆岭
3367,四川康定,泸定县新兴乡
4804,四川康定,理塘
1307,四川康定,新路海
2410,四川康定,丹巴顶果山
1018,四川康定,折多山
2240,四川康定,德格县佐钦圣地
3503,四川康定,雅江县扎嘎寺
1068,四川康定,海螺沟内磨西镇
3368,四川康定,泸定县加郡乡
1659,四川康定,新都桥
6348,四川康定,雅加梗
4889,四川康定,康定县城
3376,四川康定,雅江县米龙乡
3371,四川康定,榆林乡
3378,四川康定,理塘县热柯乡
4954,四川康定,塔公
1724,四川康定,木格错
3379,四川康定,理塘县下坝乡
5227,四川康定,稻城县
3372,四川康定,沙德乡
1441,四川康定,雅江县
1003,四川康定,雀儿山
2242,四川康定,炉霍县城
1004,四川彭山,仙女山
6142,四川彭山,青龙镇
4947,四川彭山,镇江口
3153,四川彭州,回龙沟风景旅游区
2805,四川彭州,九峰山
5228,四川德阳,黄河大桥
3242,四川德阳,旌湖
2776,四川德阳,文化娱乐城
2362,四川德阳,上旌湖
5607,四川德阳,绵远河
2198,四川德阳,东湖风景区
1322,四川成都,大熊猫繁殖基地
1096,四川成都,成都到若尔盖沿线
1210,四川成都,成都市植物园
7282,四川成都,川师成龙校区
1678,四川成都,天鹅村
5717,四川成都,龙泉湖
5107,四川成都,金沙遗址
3964,四川成都,兴隆元宝山水库
3143,四川成都,四川大学华西校区
1719,四川成都,北站西二.三巷
4909,四川成都,成都大学
5724,四川成都,文化公园
6165,四川成都,毗河-新都段
3917,四川成都,青龙湖
6385,四川成都,文殊院
1641,四川成都,双流川大新校区
2817,四川成都,成都华西医科大学
1735,四川成都,花果山风景区
1581,四川成都,东风渠-凤凰山
4299,四川成都,凤凰山公园
2333,四川成都,府南河下游东篱翠
1710,四川成都,沙河
1137,四川成都,金牛坝宾馆
1720,四川成都,望江楼公园
1095,四川成都,百花潭公园
2401,四川成都,西南交通大学
7114,四川成都,欢乐谷
2822,四川成都,成都市沙河
5431,四川成都,人民公园
1205,四川成都,武侯祠
1938,四川成都,龙泉驿山门寺水库
1063,四川成都,熊猫基地
3502,四川成都,龙桥黑熊救护中心
1675,四川成都,活水公园
2541,四川成都,太平寺机场
1644,四川成都,北湖公园
1702,四川成都,洛带镇
1208,四川成都,杜甫草堂
6883,四川成都,白鹭湾湿地
1671,四川成都,塔子山公园
5540,四川成都,西南民族大学
1023,四川成都,四川大学
4129,四川成都,三圣乡-荷塘月色
1627,四川成都,西华大学
3358,四川成都,新会展中心
2284,四川成都,三圣乡-幸福梅林
1251,四川成都,东湖
49,四川成都,龙泉
2818,四川成都,洛带金龙长城
1010,四川成都,浣花溪公园
4154,四川成都,三圣乡
1690,四川成都,沙河公园
4008,四川成都,永陵(原王建墓)
5044,四川攀枝花,攀枝花公园
1636,四川攀枝花,米易
1726,四川新津,老君山
6953,四川新都,东湖公园
2185,四川新都,白鹤岛
1940,四川木里,瓦厂区林场
2115,四川松潘,牟尼沟
7080,四川松潘,茂县九顶山
5476,四川松潘,岷江乡
5364,四川松潘,若尔盖花湖
5986,四川松潘,茂县永和乡
5363,四川松潘,若尔盖巴西森林
6263,四川松潘,九寨沟口--吊坝
1355,四川松潘,九寨沟口太平村
1861,四川松潘,川主寺
986,四川松潘,黄龙风景区
1682,四川松潘,九寨沟风景区
3361,四川汉源,永利乡
3364,四川汉源,小堡藏族乡
2339,四川江油,太白公园
3341,四川江油,观雾山
3329,四川江油,养马峡
1421,四川汶川,卧龙山庄
1207,四川汶川,卧龙自然保护区
1683,四川汶川,213国道沿线
3655,四川汶川,熊猫沟
1420,四川汶川,卧龙巴朗山
1419,四川汶川,卧龙五一棚
1941,四川泸州,纳溪三华山
1717,四川泸州,忠山公园
2056,四川泸州,叙永、西湖草坪
2400,四川泸州,海潮
5100,四川泸州,泸县龙脑桥
3908,四川泸州,叙永玉皇观
2389,四川泸州,合江鹅公山公园
1733,四川泸州,凤凰湖.森林公园
5101,四川泸州,玉蟾山
2373,四川泸州,百节
1914,四川泸州,杨桥水库
1926,四川泸州,合江将军湖
3907,四川泸州,古蔺红龙湖
2294,四川泸州,纳溪烟子洞
1744,四川泸州,福宝森林公园
2161,四川泸州,方山
2480,四川泸州,泸县玉龙湖
1718,四川泸州,合江笔架山
2761,四川泸州,宜定水库（楼房沟
2800,四川泸州,九狮
2020,四川泸州,奎丰.芙蓉岛
2062,四川泸州,牛滩.白鹤林
4414,四川泸州,尖山观
2173,四川泸州,邻玉甜蜜公园
3436,四川泸州,纳溪水中坝
1654,四川泸州,张坝
2190,四川泸州,医学院新校区
1818,四川泸州,罗汉.高坝
1672,四川泸州,大驿坝
2236,四川洪雅,瓦屋山
1043,四川温江,温江公园
4351,四川犍为,罗城小学后山塘
1384,四川理县,米亚罗
4079,四川理县,卓克基
5153,四川理县,古尔沟新桥村
1014,四川理县,孟屯
1100,四川理县,上孟
1841,四川理县,鹧鸪山
3365,四川甘洛,泽拉乡
3688,四川盐亭,盐亭
2588,四川眉山,三苏祠
3360,四川眉山,仁寿县天峨乡
4262,四川眉山,青神县中岩
6011,四川眉山,岷江
7309,四川石棉,挖角乡
3366,四川石棉,回隆乡
737,四川稻城,桑堆著杰寺
2001,四川简阳,沱江
7224,四川米易,白坡乡核桃坪一社
7248,四川绵竹,九龙乡村旅游景区
7226,四川绵竹,月亮泉公园
7225,四川绵竹,苏绵公园
7227,四川绵竹,人民公园
147,四川绵阳,平武
6256,四川绵阳,园艺山
3442,四川绵阳,富乐山风景区
4083,四川绵阳,南山
5494,四川绵阳,三江大坝
3455,四川绵阳,森林公园
3402,四川绵阳,高新区
3359,四川绵阳,新皂
3326,四川绵阳,罗浮山
4046,四川绵阳,西山公园
4050,四川绵阳,汉龙桥-二桥
3260,四川绵阳,二桥-东方红
6484,四川绵阳,西南科技大学
1049,四川绵阳,片口自然保护区
5544,四川绵阳,三江库区
6633,四川自贡,自流井区
3979,四川苍溪,云峰镇华盖村
3362,四川荥经,新建乡
3363,四川荥经,河南乡
7382,四川荥经,龙苍沟
6006,四川蒲江,长滩湖
7412,四川西昌,螺髻山
6727,四川西昌,西昌学院北校区
3179,四川西昌,邛海
3181,四川西昌,泸山
6728,四川资阳,资阳全境
3175,四川遂宁,灵泉风景区
1745,四川遂宁,广德风景区
2174,四川邛崃,金华山
1289,四川邛崃,平落（骑龙山）
6780,四川邛崃,天台山风景区
6110,四川邻水,甘家湾
6108,四川邻水,关门石水库
6109,四川邻水,芭蕉村
6071,四川邻水,狮子口水库
6070,四川邻水,鹞子岩
6107,四川邻水,古水桐
6069,四川邻水,县城鼎屏镇
5719,四川郫县,安德镇安龙村
4354,四川郫县,西南交大新校区
2113,四川都江堰,川农大都江堰分校
1721,四川都江堰,青城山后山
1213,四川都江堰,离堆公园
6150,四川都江堰,宝瓶口
1189,四川都江堰,灵岩山
5435,四川都江堰,般若寺
2043,四川都江堰,翠月湖
1802,四川都江堰,虹口
1187,四川都江堰,龙池
1986,四川都江堰,赵公山
2587,四川都江堰,青城山景区
3004,四川都江堰,月亮湾酒店后山
4944,四川都江堰,西华大学动画学院
1246,四川都江堰,都江堰景区
1876,四川金口河,瓦山
2912,四川金堂,金堂沱江小山峡
7598,四川金堂,老牛坡
4384,四川阆中,阆中古城嘉陵江
5323,四川阆中,锦屏山风景区
4103,四川隆昌,古宇湖
4293,四川雅安,周公山
4094,四川雅安,碧峰峡
438,四川雅安,多个地点
5237,四川雅安,四川农大新校区
1990,四川雅安,城区及近郊
584,四川青川,唐家河自然保护区
1843,四川马尔康,红原瓦切
1845,四川马尔康,若尔盖阿西茸乡
2798,四川马尔康,卓克基
1098,四川马尔康,郎木寺-大峡谷
2058,四川马尔康,黄龙
1020,四川马尔康,红原
2122,四川马尔康,若尔盖花湖
1844,四川马尔康,若尔盖巴西
7533,四川马尔康,梦笔山
1842,四川马尔康,红原龙日坝
5479,四川马尔康,昌列寺
4425,四川马尔康,若尔盖铁布保护区
1097,四川马尔康,若尔盖到郎木寺
1849,四川马尔康,若尔盖辖曼乡
1847,四川马尔康,若尔盖麦溪
1857,四川马尔康,红原县城
1099,四川马尔康,郎木寺-上孟
1859,四川马尔康,红原刷经寺
935,四川马尔康,九寨沟
987,四川马尔康,若尔盖
1851,四川马尔康,若尔盖唐克乡
1852,四川马尔康,若尔盖郎木寺
7130,四川马尔康,马尔康到松岗
1846,四川马尔康,若尔盖热尔大坝
5480,四川马尔康,小金四姑娘山
4856,四川马尔康,若尔盖县巴西乡
862,天津东丽,东丽湖
780,天津南开,天津市动物园
227,天津大港,北大港水库
912,天津天津,汉沽沿海
5935,天津天津,北大港独海边
5152,天津天津,河西刘庄桥
5454,天津天津,天津港临港工业区
3293,天津天津,水上公园
5236,天津天津,泰丰公园
5241,天津天津,西沽公园
3160,天津天津,紫云公园
4925,天津天津,天津师范大学
5949,天津天津,长虹生态园
729,天津天津,上古林至汉沽沿海
3875,天津天津,蓟运河沿岸
2399,天津天津,北大港
5151,天津天津,静海团泊洼水库
845,天津天津,塘沽海滨
4147,天津天津,外环线海河桥
3159,天津天津,塘沽河滨公园
6725,天津天津,中新生态城污水库
7522,天津天津,天津理工大学
7585,天津天津,文化中心
4142,天津天津,海河保定桥段
5936,天津天津,大港海滨浴场
911,天津天津,大港区北大港水库
6777,天津天津,北仓北运河沿岸
2038,天津天津,南大港
907,天津天津,南开大学
6540,天津天津,南翠屏堆山公园
3479,天津天津,开发区泰丰公园
2485,天津天津,喜來登酒店旁釣魚
6193,天津天津,侯台湿地
1359,天津天津,北塘附近
7554,天津天津,千里堤
3571,天津天津,天津大学
7584,天津天津,妈祖文化园
1060,天津天津,黄港水库
7187,天津天津,杨柳青 鹭岭
3072,天津天津,經濟技術開發區
590,天津宁河,七里海自然保护区
6227,天津宁河,齐心庄
2372,天津宝坻,尔王庄水库
5306,天津宝坻,大黄堡
5475,天津宝坻,大学城青龙湾
604,天津市区,天津乐园
2371,天津武清,上马台水库
1310,天津武清,大黄堡自然保护区
885,天津河西,天津财经学院
563,天津红桥,西沽公园
7373,天津蓟县,下营镇大平安村
119,天津蓟县,八仙山保护区
7360,天津蓟县,于桥水库
856,天津西青区,怡合村
750,天津静海,团泊洼水库
6360,宁夏中卫,沙坡头风景区
1622,宁夏中卫,腾各里湖保护区
4876,宁夏同心,大清真寺
5127,宁夏灵武,水洞沟遗址
5771,宁夏石嘴山,星海湖
1624,宁夏贺兰,贺兰山岩画
1623,宁夏贺兰,苏峪口森林公园
3548,宁夏贺兰,阿拉善左旗
7162,宁夏银川,海宝公园
235,宁夏银川,沙湖
3914,宁夏银川,鸣翠湖湿地公园
7578,宁夏银川,森林公园
3257,宁夏银川,中山公园
1620,宁夏青铜峡,青铜峡鸟岛
129,安徽东至,升金湖
764,安徽休宁,齐云山
6345,安徽休宁,白际乡
3697,安徽六安,宁西铁路六安段
5548,安徽六安,皖西大裂谷
3328,安徽六安,老淠河 (沙河)
6908,安徽六安,金寨响洪甸
3298,安徽六安,市区
3474,安徽六安,六安一中
4149,安徽六安,金寨梅山
2770,安徽六安,城南镇
6229,安徽六安,金寨青山镇
3327,安徽六安,皖西学院
7608,安徽六安,金寨高铁站旁
5549,安徽六安,东石笋
3420,安徽凤台,丁集.庙后
5558,安徽凤阳,狼巷迷谷
4274,安徽合肥,安徽大学龙河校区
4144,安徽合肥,骆岗机场
3097,安徽合肥,安徽大学新校区
2997,安徽合肥,合肥工业大学
7175,安徽合肥,塘西河公园
6563,安徽合肥,王大郢
4932,安徽合肥,翡翠湖
4170,安徽合肥,大蜀山
3469,安徽合肥,宁西铁路合肥段
4860,安徽合肥,清溪公园
3995,安徽合肥,科大东区
6786,安徽合肥,滨湖区巢湖沿岸
5282,安徽合肥,科学岛
6220,安徽合肥,桐城路高压线走廊
4482,安徽合肥,南艳湖公园
2134,安徽合肥,董铺岛
2987,安徽合肥,安徽职业技术学院
7186,安徽合肥,高新区王嘴湖
2988,安徽合肥,大兴镇
4454,安徽合肥,科大西区
3695,安徽合肥,312国道合肥段
7005,安徽合肥,新桥机场
4143,安徽合肥,逍遥津公园
6788,安徽合肥,紫蓬山
3296,安徽合肥,淝河
3982,安徽合肥,义城
3798,安徽合肥,包河工业园
2989,安徽合肥,滨湖新区
5662,安徽合肥,植物园
6940,安徽和县,如山湖
2090,安徽宁国,板桥保护区
6857,安徽安庆,皖河入河口
1552,安徽安庆,长江北岸
1894,安徽安庆,石门湖
1553,安徽安庆,石塘湖
6906,安徽安庆,安庆师范学院
4233,安徽安庆,破罡湖
1790,安徽宣州,扬子鳄繁殖中心
1935,安徽宣州,南漪湖
7056,安徽宣州,敬亭山公园
6761,安徽宣州,敬亭山度假村
1936,安徽宣州,水东镇
6387,安徽宣州,双桥
1791,安徽宣州,红星保护点
5652,安徽宿州,灵璧县新濉河
1376,安徽岳西,青天乡
1365,安徽岳西,鹞落坪自然保护区
7514,安徽巢湖,鼓山
7435,安徽巢湖,巢湖湿地
3336,安徽巢湖,卧牛山
5109,安徽庐江,相思林公园及周边
6284,安徽庐江,汤池镇
5315,安徽庐江,乐桥镇桂元村董院
3158,安徽当涂,梅山中学
6697,安徽怀宁,江镇
6106,安徽明光,宁洛高速93公里
2983,安徽明光,京沪铁路明光段
6695,安徽望江,凉泉乡
6687,安徽望江,武昌湖
6698,安徽望江,长江大坝
6696,安徽望江,漳湖镇
6688,安徽望江,四合
7602,安徽枞阳,橫埠镇雨亭小学
3454,安徽枞阳,菜籽湖
1895,安徽枞阳,白荡湖
2743,安徽桐城,菜籽湖
5410,安徽歙县,练江歙县段
5411,安徽歙县,磻溪村
5406,安徽歙县,牌坊群景区
2842,安徽歙县,皖赣铁路沿线
5409,安徽歙县,渔梁景区
5785,安徽歙县,许村
5407,安徽歙县,歙县中学
6132,安徽歙县,石潭村水川
5405,安徽歙县,歙县饭店附近
6018,安徽歙县,全县
5408,安徽歙县,雄村
5784,安徽歙县,昌溪文化古村
1821,安徽泾县,古坝村
6233,安徽泾县,幕溪
1792,安徽泾县,蔡村镇
6677,安徽滁州,定远中学
6911,安徽滁州,天长红草湖公园
3851,安徽滁州,京沪铁路滁州段
6678,安徽滁州,定远桑涧北部
1378,安徽潜山,潜河
1377,安徽潜山,天柱山
7510,安徽潜山,大圆
6930,安徽潜山,钱湾
6104,安徽界首,宁洛高速皖豫界
1448,安徽石台,仙寓山
7425,安徽石台,马鞍山公园
6748,安徽石台,平顶山
6744,安徽石台,壁山
1521,安徽石台,七里镇--七井乡
6745,安徽石台,唐毛地
1868,安徽砀山,南关城河
1869,安徽砀山,四中东树林
1524,安徽砀山,东关城河
1525,安徽砀山,宴嬉台
1554,安徽砀山,飞机农场
1527,安徽砀山,砀中后树林、果园
1526,安徽砀山,故黄河-园艺场段
1523,安徽祁门,县城
4232,安徽祁门,倒湖
2885,安徽祁门,牯牛绛至县城沿途
1551,安徽祁门,新岭自然保护区
1522,安徽祁门,牯牛降自然保护区
2180,安徽绩溪,天目山
7383,安徽绩溪,障山
5757,安徽绩溪,徽杭古道-清凉峰
4756,安徽肥东,长临河镇
7588,安徽肥东,肥东机场
4012,安徽肥西,紫蓬山
4837,安徽肥西,三河镇
6718,安徽舒城,龙眠山
6735,安徽舒城,汤池镇汤池老街
7246,安徽舒城,柏林乡谢河村
6724,安徽舒城,三七镇组合地点
6285,安徽芜湖,Sanshan
6286,安徽芜湖,Daqiaozh
2313,安徽芜湖,安徽师范大学
4433,安徽芜湖,弋江区马塘镇
6268,安徽芜湖,安徽省芜湖市镜湖
7394,安徽贵池,梅龙镇
6909,安徽金寨,响洪甸风景区
6615,安徽金寨,杨家湾
6751,安徽金寨,天堂寨镇
6593,安徽金寨,金庄村
6591,安徽金寨,上贺家冲
6592,安徽金寨,响洪甸水库
5211,安徽铜陵,天井湖
5769,安徽阜南,谷河安台村段
6666,安徽阜阳,江口镇
6642,安徽阜阳,杨楼孜镇
1351,安徽霍山,天堂寨
7470,安徽霍山,佛子岭水库
6938,安徽霍山,县城
6599,安徽霍山,小步岭
3090,安徽霍山,龙井河
6658,安徽马鞍山,佳山公园
4246,安徽马鞍山,雨山湖
7503,安徽马鞍山,慈湖河花和佳苑段
4248,安徽马鞍山,濮塘风景区
7504,安徽马鞍山,滨江公园
6659,安徽马鞍山,彭太村
4247,安徽马鞍山,采石矶风景区
479,安徽黄山,屯溪区绿洲宾馆
904,安徽黄山,太平
1450,安徽黄山,屯溪
3647,安徽黄山,黄山火车站
2369,安徽黄山,黄山上罗村
272,安徽黄山,黄山
725,安徽黄山,屯溪红塔大酒店
1239,安徽黄山,桃源宾馆
1449,安徽黄山,徽州区
6804,安徽黄山,猴谷
3615,安徽黄山,汤口镇
617,安徽黄山,东黄山
6312,安徽黟县,宏村
2223,安徽黟县,洪星乡
763,安徽黟县,塔川村
873,山东东营,天鹅湖
561,山东东营,黄河三角洲保护区
6482,山东东营,孤北水库
5084,山东乐陵,乐陵城区
4128,山东乐陵,乐陵城区
5083,山东乐陵,乐陵城区
5155,山东乐陵,花园镇
5085,山东乐陵,杨安镇水库
4127,山东乐陵,乐陵城区new
5156,山东乐陵,朱集镇
5086,山东乐陵,乐陵城区
5105,山东乐陵,乐陵城区
6597,山东乳山,乳山口
6596,山东乳山,乳山市区
4935,山东兖州,白家店村
7372,山东单县,中岭国际大酒店
6394,山东嘉祥,洙赵新河
6393,山东嘉祥,新赵王河
6645,山东嘉祥,曾子庙
113,山东垦利,大汶流保护区
884,山东垦利,一千二管理站
3142,山东垦利,天鹅湖公园
1367,山东威海,刘公岛
1366,山东威海,威海市区
1206,山东安丘,汶河安丘段
2853,山东平邑,刘家寨(大洼)
7556,山东庆云,庆云县城周边
5104,山东庆云,东辛店乡 姜家村
7182,山东德州,经济开发区+市区
5889,山东德州,德城区
5115,山东德州,锦绣川景区
5391,山东德州,石德线
4130,山东德州,s314
7411,山东德州,德州学院
6643,山东招远,齐山
6662,山东招远,罗山国家森林公园
4830,山东文登,大水泊机场
6598,山东文登,昌阳河
4828,山东文登,天福山林场
2965,山东日照,崮子河
2962,山东日照,滨海旅游区
2964,山东日照,奎山
7529,山东日照,日照国家森林公园
2963,山东日照,傅曈河口
2961,山东日照,大华宾馆
3025,山东昌邑,石渠
331,山东昌邑,潍河
2276,山东昌邑,灶户盐场北测海滩
808,山东曲阜,孔林
7558,山东曲阜,泗河
7593,山东曲阜,曲阜师范大学
7548,山东曲阜,大沂河
2784,山东曲阜,孔庙
6013,山东曲阜,曲阜全部
7370,山东曹县,公园
7543,山东泗水,高峪镇西头村
6362,山东泰安,泮河
7398,山东泰安,渿河
5308,山东泰安,山东农业大学南校
5474,山东泰安,山东农大树木园
524,山东泰安,范缜开发区
2745,山东泰安,泰山
6965,山东泰安,天平湖
6090,山东泰安,山东农业大学本部
5782,山东泰安,大汶河
3281,山东济南,玉清湖水库
6689,山东济南,大明湖
6709,山东济南,济南森林公园
2414,山东济南,鹊山
414,山东济南,华山风景区
316,山东济南,山东大学新校区
2685,山东济南,百花公園
6703,山东济南,济南园博园
45,山东济南,千佛山
56,山东济南,护城河
315,山东济南,大佛头
4936,山东济南,山东师大长清校区
415,山东济南,锦绣川水库
358,山东济南,窑头
372,山东济南,英雄山
314,山东济南,植物园（泉城公）
894,山东济南,山东师范大学
7161,山东济宁,舜泰园
6398,山东济宁,南阳湖农场
6401,山东济宁,南郊动植物园
7396,山东济宁,太白湖
5881,山东济宁,洸府河
102,山东济宁,百花园
330,山东潍坊,潍河昌邑市段
5864,山东潍坊,寒亭区潍北农场
953,山东潍坊,白浪河水库
7021,山东潍坊,白浪河湿地公园
7136,山东潍坊,山东科技学院
6266,山东潍坊,峡山水库
5732,山东潍坊,诸城市，石桥子镇
7450,山东烟台,鱼鸟河入海口
2785,山东烟台,烟台市滨海中路
7449,山东烟台,逛荡河入海口
2787,山东烟台,滨州医学院
313,山东章丘,白云湖
44,山东荣城,天鹅湖
4356,山东荣城,海驴岛
4355,山东荣城,成山头
4865,山东荣城,朝阳港
4294,山东莱州,郭家店镇吴家
5563,山东莱州,莱州湾
155,山东莱州,河套水库
7315,山东莱芜,牟汶河
1368,山东蓬莱,蓬莱
250,山东长岛,峰山
1658,山东长岛,大黑山岛
7392,山东长清,张夏山区
7591,山东陵县,陵县仙人湖
7088,山东青岛,青科大崂山校区
1364,山东青岛,青岛市区
7528,山东青岛,胶州湾
6111,山东青岛,太平角
5355,山东青岛,海洋大学老校区
5703,山东青岛,大公岛
5788,山东青岛,大沽河流域
5354,山东青岛,中山公园
6349,山东青岛,墨水河
1369,山东青岛,崂山
6230,山东青岛,浮山
5907,山东青岛,白沙河流域
6215,山东高密,柳沟河
7160,山东高密,高密市区
6176,山东高密,小康河
7493,山西临汾,涝洰河湿地
3533,山西交城,庞泉沟自然保护区
5684,山西交城,玄中寺-石壁山
1825,山西大同,市区
1826,山西大同,云岗石窟
791,山西太原,晋阳湖
895,山西太原,昌源河
5687,山西太原,天龙山森林公园
2081,山西太原,晋祠公园
1272,山西太原,太原汾河区段
5708,山西太原,太原城区
784,山西太原,柴村—呼延
1736,山西宁武,芦芽山自然保护区
947,山西宁武,东庄海子背村
6834,山西平遥,平遥古城
3262,山西平陆,黄河滩
2308,山西广灵,山西广灵
2148,山西忻州,五台县
7507,山西忻州,定襄县
3129,山西昔阳,大寨
6817,山西晋城,拴驴泉
1837,山西永剂,古蒲津渡
2257,山西沁水,历山舜王坪
3889,山西洪洞,泗汀桥
2385,山西浑源,悬空寺
5238,山西灵石,石膏山
6304,山西绛县,Daming P
900,山西蒲县,五鹿山自然保护区
747,山西长治,黎城黄崖洞
2154,山西霍州,七里峪风景区
5180,广东三水,大塘-九道谷
5627,广东三水,杨梅福田村
4134,广东三水,云东海
4135,广东三水,荷花世界
20,广东三水,森林公园
5635,广东三水,西南镇
6023,广东东莞,凤岗雁田雁鸣农庄
7015,广东东莞,凤岗南门山森林公
7400,广东东莞,吉龙木材市场
3132,广东东莞,榴花公园
4122,广东东莞,虎英公园
2087,广东东莞,东坑
4330,广东东莞,旗峰公园
2717,广东东莞,同沙生态园
3125,广东东莞,金沙湾公园
2012,广东东莞,城区
3949,广东东莞,水濂山森林公园
4291,广东东莞,东莞翰林实验学校
6139,广东东莞,东莞雁鸣湖山庄
7126,广东东莞,东莞东城初级中学
5561,广东东莞,大朗荔香湿地公园
5065,广东东莞,大岭山森林公园
6260,广东东莞,隐贤山庄
4207,广东东莞,同沙水库
4029,广东东莞,谢岗谢岗围竹林
5219,广东东莞,大屏嶂森林公园
4115,广东东莞,东莞植物园
4006,广东东莞,东莞谢岗中学
5740,广东东莞,虎门
865,广东东莞,松山湖
7399,广东东莞,大岭山公园
7402,广东东莞,观澜湖
1937,广东东莞,银瓶山
2415,广东东莞,清溪大皇山马场
966,广东中山,孙文纪念公园
4340,广东中山,南蓢镇
1055,广东中山,中山紫马岭公园
967,广东中山,小榄镇龙山公园
5247,广东中山,三乡镇古鹤水库
5872,广东中山,翠亨崖口村
964,广东中山,中山技工学校一带
961,广东中山,中山公园
7363,广东中山,板芙镇第一中学
3387,广东中山,民众镇沙仔村
965,广东中山,孙中山故居
6600,广东中山,电信公园
7380,广东中山,南朗镇崖口村
5000,广东乐昌,龙王潭
669,广东乐昌,坪石金鸡岭
7609,广东乐昌,九峰山
267,广东九江,璜矶村
1370,广东乳源,云门寺
5272,广东乳源,天井山林场
4996,广东乳源,广东大峡谷
668,广东乳源,南岭国家森林公园
6880,广东乳源,天井山国家森林公
4181,广东乳源,南岭大顶山保护站
6437,广东云浮,南山森林公园
4945,广东仁化,厚塘村
6945,广东从化,六棵橄榄树庄园
6882,广东从化,良口长流仙娘溪村
6946,广东从化,石门国家森林公园
6138,广东从化,良口溪头村下溪村
3945,广东从化,温泉
6329,广东从化,瑶老社及阿婆六
6043,广东从化,响水峡
6521,广东从化,良口大江里村
2820,广东佛冈,观音山自然保护区
4995,广东佛冈,汤塘镇
3791,广东佛冈,石联山风景区
6519,广东佛山,九江镇海寿岛
3537,广东佛山,九江璜玑村
6737,广东佛山,北滘镇
3783,广东佛山,小塘公园
3148,广东佛山,高明杨梅镇皂幕山
6252,广东佛山,海寿岛
5574,广东佛山,南庄镇堤田村
2812,广东佛山,小塘镇小塘中学
328,广东佛山,季华园
3612,广东佛山,林科所
671,广东佛山,高明西岸林场
3924,广东佛山,小塘洞边村
3935,广东佛山,丹灶南海大湿地公
381,广东佛山,张槎黄借岗
347,广东佛山,中山公园
3564,广东佛山,南庄湖涌 村
345,广东佛山,荣山中学
2152,广东佛山,大浩湖
5695,广东佛山,乐从岳步
4044,广东佛山,小塘横溪村
4014,广东佛山,南海狮山镇狮中
4986,广东信宜,西江温泉渡假村
3872,广东信宜,竹山
5568,广东信宜,金垌
735,广东信宜,大雾岭自然保护区
4431,广东信宜,六运
3597,广东兴宁,神光山森林公园
3598,广东兴宁,宁中竹一村
5343,广东兴宁,华峰村
7374,广东兴宁,宁新洋里村
4166,广东化州,南盛
3603,广东南海,小塘横溪
7217,广东南海,浔峰洲
3648,广东南海,小塘城区
7195,广东南海,广州劳动技校
348,广东南海,（虫雷）岗山公园
5342,广东南海,南海文化公园
4843,广东南海,官窑渔场养殖基地
454,广东南海,西樵山森林公园
4328,广东南雄,梅关古道
2422,广东博罗,柏塘镇
5340,广东博罗,罗浮山
6097,广东博罗,龙溪镇移民村
3482,广东博罗,象头山自然保护区
6650,广东博罗,罗阳镇
53,广东台山,上川岛
3719,广东台山,古兜山自然保护区
5198,广东吴川,梅菉
4946,广东吴川,兰石
6063,广东增城,福和镇联安村
6012,广东增城,增城广场
7565,广东增城,蒙花布村
1435,广东增城,永安镇公安村
3280,广东增城,丹邱大岗一片
6201,广东增城,白花山庄新联村
6015,广东增城,鹤之洲湿地
6433,广东增城,大封门森林公园
5163,广东增城,百花山庄度假村
5615,广东增城,大观园温泉
57,广东始兴,车八岭
4306,广东封开,黑石顶保护区
7490,广东平远,大柘
6617,广东平远,电视塔
6044,广东平远,坝头
6027,广东平远,八尺镇
5074,广东平远,紫临山
6048,广东平远,东石镇
1612,广东广州,芳村花博园
98,广东广州,动物园
6561,广东广州,生物岛
2424,广东广州,广东建设学院
3269,广东广州,广州市第十八中学
166,广东广州,流花鸟苑鸟市场
3696,广东广州,临江大道绿地
3270,广东广州,石马桃花公园
6141,广东广州,珠江新城花城广场
6019,广东广州,广州市第六中学
3133,广东广州,广州市第三中学
1211,广东广州,石门国家森林公园
424,广东广州,番禺森悦农庄
5614,广东广州,人和镇下马街
75,广东广州,帽峰山及周边
201,广东广州,黄花岗公园
357,广东广州,箩岗镇
165,广东广州,花地花鸟虫鱼市场
2757,广东广州,仑头
6894,广东广州,帽峰山景区
145,广东广州,晓港公园
5937,广东广州,沙湾宝墨园及周边
3999,广东广州,大夫山森林公园
6169,广东广州,沙面岛
4280,广东广州,中山三院
486,广东广州,番禺海鸥岛
2359,广东广州,二沙岛
149,广东广州,兰圃
5285,广东广州,从化城康龙潭水库
6017,广东广州,白云区凤鸣岗红路
7614,广东广州,铁一小旁公园
5488,广东广州,花都洪秀全故居
5173,广东广州,抗日阵亡将士陵园
5809,广东广州,珠江公园
5500,广东广州,花都广东第二师范
5333,广东广州,磨碟沙公园
3152,广东广州,流溪河
413,广东广州,增城中新镇
6089,广东广州,南沙湿地公园
4417,广东广州,东圃
7302,广东广州,番禺区北片山西村
7204,广东广州,花都塱头古村
4104,广东广州,从化良口镇
5571,广东广州,增城大达冚
768,广东广州,中山医科大学
6572,广东广州,番禺南村汇贤小学
518,广东广州,龙头山森林公园
5590,广东广州,增城白水寨
5089,广东广州,市桥城北公园
4436,广东广州,广东迎宾馆
734,广东广州,火炉山森林公园
3306,广东广州,白云区钟落潭镇
6487,广东广州,南沙湿地
1664,广东广州,南昆山森林公园
7351,广东广州,华南理工大学南校
4159,广东广州,从化温泉镇白石山
91,广东广州,流溪河森林公园
778,广东广州,龙眼洞森林公园
3822,广东广州,王子山森林公园
4389,广东广州,新白云机场
3243,广东广州,广东奥林匹克中心
3794,广东广州,番禺东涌镇
4371,广东广州,从化良口溪头村
6490,广东广州,雕塑公园
4969,广东广州,烈士陵园
5376,广东广州,从化吕田温塘肚
6301,广东广州,从化石门森林公园
6854,广东广州,天麓湖郊外公园
208,广东广州,广东树木公园
3180,广东广州,荔湾湖公园
529,广东广州,老白云机场
3932,广东广州,从化逸泉大酒店
5711,广东广州,海珠广场
3139,广东广州,沙面公园
3154,广东广州,广州第七中学
21,广东广州,南沙湿地及龙穴岛
5436,广东广州,花都蠄蟝石水库
6574,广东广州,十九路军陵园
5309,广东广州,南沙 天后宫
4089,广东广州,从化萨达母基地
286,广东广州,广州大道金成酒店
5557,广东广州,华立学院
5591,广东广州,白云湖及周边湿地
3138,广东广州,广州市第四中学
62,广东广州,中山大学
1129,广东广州,赤港涌
6503,广东广州,华南师范大学石牌
5722,广东广州,越秀公园
7349,广东广州,地铁白云文化广场
350,广东广州,龙洞水库及周边
514,广东广州,云溪及上坑水库
1215,广东广州,广东省昆虫研究所
6553,广东广州,萝岗岭头村
3178,广东广州,流花湖公园
6000,广东广州,滴水岩森林公园
3144,广东广州,广东华侨中学
557,广东广州,小谷围广州大学城
6004,广东广州,花都
167,广东广州,天河公园
3147,广东广州,广州第一一六中学
2694,广东广州,麓湖公园及周边
7076,广东广州,海珠湖公园
5338,广东广州,东风公园
7307,广东广州,大学城中心湖公园
1263,广东广州,芳村东朗
4941,广东广州,金沙洲
3941,广东广州,广东广雅中学
1002,广东广州,番禺祁福新村
5167,广东广州,从化良口镇五指山
3198,广东广州,广州第六十八中学
6536,广东广州,萝岗创业公园
6028,广东广州,长洲岛中山公园
82,广东广州,华南植物园
5727,广东广州,广东第二师范学院
2603,广东广州,长坂公园 植物所
7264,广东广州,南沙十九涌
7300,广东广州,海珠湿地公园
2356,广东广州,广州中医药大学
672,广东广州,花都狮岭镇碧花园
2637,广东广州,华南师范大学
3967,广东广州,广州大学附属中学
7004,广东广州,中山大学东校区
4054,广东广州,广州义务植树公园
5496,广东广州,花都芙蓉嶂度假村
1350,广东广州,白云区竹料镇
4264,广东广州,广州杨桃公园
5602,广东广州,黄埔区
6022,广东广州,六二三路沙基东约
3256,广东广州,东湖公园
2828,广东广州,联和牛头山
7350,广东广州,黄埔公园
6232,广东广州,大学城湾咀头湿地
6791,广东广州,协和小学
6153,广东广州,火炉山
477,广东广州,华南农业大学
6024,广东广州,广州第七十五中学
5707,广东广州,华师附小
502,广东广州,个人记录lool
5345,广东广州,赤岗塔公园
5726,广东广州,华南理工大学
757,广东广州,琶州会展中心
835,广东广州,番禺区化龙镇
385,广东广州,天河体育中心
6058,广东广州,农讲所
365,广东广州,白云山风景区
948,广东广州,中山纪念堂
4001,广东广州,白云区石井街
3192,广东广州,番禺美森欢乐营
705,广东广州,从化良口镇三桠塘
6414,广东广州,从化良口良平村
4797,广东廉江,鹤地银湖风景区
4903,广东廉江,高桥红树林保护区
2913,广东廉江,安铺镇燕子街
2914,广东廉江,安铺中学
4163,广东徐闻,北港码头
5612,广东徐闻,大汉三墩
5613,广东徐闻,清水湾
7436,广东徐闻,外罗镇
2563,广东怀集,Da Chou
4329,广东惠东,平海镇
3579,广东惠东,沙田镇世外梅园
5199,广东惠东,寨场山林场
5218,广东惠东,黄埠镇
4037,广东惠东,梅花园度假山庄
5239,广东惠东,莲花山保护区
5047,广东惠东,飞鹅岭东
3244,广东惠东,白盆珠水库
5200,广东惠东,梁化林场
3968,广东惠东,南湖公园
4261,广东惠东,九龙峰
5243,广东惠东,巽寮镇
2564,广东惠东,古田保护区
3969,广东惠东,平山镇黄屋寮村
3189,广东惠东,港口海龟保护区
3437,广东惠东,铁涌镇
3670,广东惠州,惠州市林业局
4459,广东惠州,惠州市龙门南昆山
6435,广东惠州,龙门温泉小镇
6474,广东惠州,龙门地派镇
3944,广东惠州,惠东铁涌镇好招楼
1646,广东惠州,惠水产科学研究所
2724,广东惠州,惠州西湖
1762,广东惠州,惠州市林科所
1494,广东惠州,广东惠州
7518,广东惠州,芦洲镇旁农田
6562,广东惠州,广东惠州天堂山
2759,广东惠来,葵潭镇区
4378,广东惠来,靖海
6046,广东惠阳,平潭镇
1614,广东惠阳,潼湖湿地
2633,广东揭东,白塔镇
7265,广东揭东,云路镇
2205,广东揭东,桑浦山保护区
995,广东揭东,吉祥寺
7582,广东揭西,大北山
2756,广东揭阳,紫陌山
1927,广东新丰,云髻山自然保护区
3566,广东新兴,龙山国恩寺
3411,广东普宁,西部山区
2676,广东普宁,白坑湖
419,广东普宁,雨堂村
7183,广东普宁,泥沟村
3070,广东普宁,大南山脉
5699,广东普宁,下三坑水库
5035,广东普宁,榕江
6527,广东普宁,潮汕学院
5543,广东普宁,崎头山
3480,广东普宁,铁山
6556,广东普宁,马嘶岩山下
2713,广东普宁,普宁职业技术学校
5694,广东普宁,黄割田村
2752,广东普宁,汤坑水库
435,广东普宁,流沙镇南园学校
5924,广东普宁,军埠镇
6881,广东曲江,罗坑自然保护区
449,广东曲江,重阳
3447,广东梅州,阴那山自然保护区
3347,广东梅州,兴宁宁中镇
3399,广东梅州,兴宁市新圩镇
5606,广东梅州,梅县城东镇潮塘村
7286,广东梅州,泮坑
945,广东梅州,雁南飞度假村
1685,广东梅州,兴宁
3346,广东梅州,神光山森林公园
1679,广东梅州,兴宁宁中竹一村
5064,广东梅州,平远县
4286,广东汕头,中山公园
5190,广东汕头,华侨公园
3397,广东汕头,金平区铁林寺
1952,广东汕头,Gong Pin
3086,广东汕头,汕头莱芜
5051,广东汕头,汕头机场及周边
2022,广东汕头,龙湖区泰山路东侧
2786,广东汕头,澄海莲上六合围
2517,广东汕头,濠江区苏埃湾澳头
4415,广东汕头,保税区
4363,广东汕头,龙湖区金谷庄
4362,广东汕头,濠江区虎仔湾
2518,广东汕头,澄海溪南义丰溪口
2742,广东汕头,濠江区三屿围
2519,广东汕头,龙湖区外砂河口
994,广东汕头,河浦玉石
290,广东汕头,牛田洋
294,广东汕头,汕头大学
4839,广东汕头,南澳岛
3312,广东汕头,潮南区大南山脉
2447,广东汕头,潮阳区河溪镇湿地
1951,广东汕头,Nuhu
1956,广东汕尾,Dong Gua
1953,广东汕尾,Dahu
1954,广东汕尾,Gong Pin
1955,广东汕尾,Nuhu
2672,广东汕尾,海丰
7431,广东江门,江滨大道
6952,广东江门,东湖公园
7006,广东江门,圭峰山
7132,广东江门,小鸟天堂及周农场
2955,广东江门,开平
7216,广东江门,银湖湾湿地
7152,广东江门,五邑大学
7002,广东江门,茶庵寺-白水带
7109,广东江门,良溪古村
7432,广东江门,古劳水乡
6999,广东江门,广东南方职业学院
7414,广东江门,潮连
5816,广东江门,江门市区
7141,广东江门,大西坑
1803,广东河源,新丰江自然保护区
5594,广东河源,龙川佗城
5960,广东河源,桂山风景区
1590,广东河源,万绿湖
6365,广东河源,和平军屯围村
2442,广东河源,康禾保护区
3898,广东河源,职业技术学院
6239,广东河源,苏家围
1148,广东海丰,公平大湖自然保护
5810,广东海丰,Shagang
2256,广东海丰,联安围
5930,广东深圳,南岭村
434,广东深圳,坝光盐灶村
7517,广东深圳,大亚湾
423,广东深圳,深圳水库大望村
2200,广东深圳,名商高尔夫球场
2053,广东深圳,沙井——海上田园
122,广东深圳,市区
3611,广东深圳,凤塘何口
403,广东深圳,荔枝公园
940,广东深圳,三门岛
578,广东深圳,沙头角航母
7390,广东深圳,马峦山郊野公园
770,广东深圳,南山区中山公园
2044,广东深圳,蛇口大南山
7388,广东深圳,大鹏半岛
542,广东深圳,坪山沙湖村
513,广东深圳,东湖公园
527,广东深圳,东山高岭老村
536,广东深圳,银湖旅游中心
559,广东深圳,西丽湖
2625,广东深圳,华富小学
7391,广东深圳,横岗水库
539,广东深圳,农科中心
1949,广东深圳,宝安羊台山
6571,广东深圳,盐田
3555,广东深圳,大鹏半岛坝光
6582,广东深圳,红花山公园
7389,广东深圳,坪头岭
6948,广东深圳,平湖生态公园
7574,广东深圳,皇岗公园
1617,广东深圳,布心郊野公园
802,广东深圳,塘朗山
1763,广东深圳,仙湖植物园
467,广东深圳,吉田公墓
4934,广东深圳,大鹏半岛新大
3135,广东深圳,横岗园山
526,广东深圳,杨梅坑
2707,广东深圳,大梅沙中兴学院
516,广东深圳,三洲田财政培训中
6560,广东深圳,深圳湾公园
541,广东深圳,华侨城湿地
402,广东深圳,罗湖火车站
2439,广东深圳,华侨城雁晗山公园
2771,广东深圳,保护区管理局
7118,广东深圳,观澜茜坑水库
1616,广东深圳,罗芳郊野公园
1045,广东深圳,福田区中心公园
455,广东深圳,笔架山公园
2192,广东深圳,金地.香蜜山小区
4224,广东深圳,大鹏半岛西冲
652,广东深圳,红树林东鱼塘区
5632,广东深圳,Wutongsh
515,广东深圳,三洲田
1697,广东深圳,观澜高尔夫度假村
5660,广东深圳,滨海红树林生态乐
960,广东深圳,洪湖公园
2597,广东深圳,深圳大学
5616,广东深圳,福永码头
952,广东深圳,内伶仃岛
743,广东深圳,野生动物园
1282,广东深圳,蛇口电视塔
517,广东深圳,梧桐山
90,广东深圳,福田红树林
7501,广东深圳,南山荔枝公园
6962,广东深圳,海贝湾酒店
4367,广东深圳,香港
171,广东深圳,梅林水库
7290,广东深圳,人民公园
740,广东深圳,石岩镇宝山园
523,广东深圳,大望村水库
473,广东深圳,安托山禾镰坑
5720,广东清远,阳山县城
6654,广东清远,清新县太和洞
6988,广东清远,笔架山
6986,广东清远,英德市茶叶研究所
7111,广东清远,飞来峡镇上龙埗村
3140,广东清远,清新三坑镇温泉区
2328,广东湛江,Huguang
7214,广东湛江,建新河口
5461,广东湛江,坡头区东岸村
2336,广东湛江,Donghai
4210,广东湛江,湿地公园
4379,广东湛江,遂溪洋青
3880,广东湛江,硇洲岛存亮村
2327,广东湛江,Hongshul
4929,广东湛江,特呈岛
5495,广东湛江,雷州卜昌村
4195,广东湛江,雷州北和
5452,广东湛江,龙海天海滨浴场
4146,广东湛江,遂溪县
4997,广东湛江,湖光岩
2331,广东湛江,Gaoqiao
3879,广东湛江,东海岛民安镇西湾
7212,广东湛江,南渡河
6386,广东湛江,海滨公园
4172,广东湛江,雷州雷城红树林
2355,广东湛江,Leizhou
1712,广东湛江,森林公园
7049,广东湛江,东海岛
2007,广东湛江,海大湖光岩校区
6122,广东湛江,寸金公园
7455,广东湛江,雷州乌石天成台
2337,广东湛江,蒣闻县
7215,广东湛江,通明河口
2335,广东湛江,遂溪北潭
4177,广东湛江,雷州纪家
3013,广东潮安,彩塘镇
6083,广东潮安,古巷镇
4759,广东潮州,凤凰山
5766,广东潮州,叫水坑
6119,广东潮州,韩山师范学院
7234,广东潮州,岗山水库
6118,广东潮州,淡浮院
3491,广东珠海,高栏岛
1660,广东珠海,三灶
962,广东珠海,香洲一带
3497,广东珠海,金鼎镇幸村
3253,广东珠海,板障山
485,广东珠海,淇澳岛
1681,广东珠海,斗门
5319,广东珠海,香洲至澳门海域
3425,广东珠海,平沙海泉湾度假区
1495,广东珠海,中山大学珠海校区
1687,广东珠海,唐家
3694,广东珠海,海滨公园
2821,广东珠海,黄杨山
1670,广东珠海,白沥岛
7060,广东珠海,野狸岛
7180,广东珠海,横琴关口
1686,广东珠海,担杆岛
1497,广东珠海,外伶仃岛
5250,广东珠海,珠海机场
1680,广东珠海,湾仔
7081,广东珠海,中山公园
2708,广东珠海,万山群岛
5899,广东珠海,Macau
1496,广东珠海,横琴岛
6729,广东珠海,北京师范大学珠海
2797,广东珠海,白莲洞公园
7101,广东珠海,农科所
2610,广东电白,那霍镇
5961,广东电白,曙光农场
5019,广东电白,社会实践基地
4416,广东电白,霞洞
1618,广东电白,水东湾泻湖湿地
6413,广东电白,大竹洲岛
5648,广东电白,鹅凰嶂
4992,广东番禺,大石
6806,广东番禺,番禺区广地花园
5054,广东番禺,大石中学周围
6518,广东番禺,石基镇大刀沙村
6588,广东番禺,钟村镇石壁村
6813,广东番禺,官堂
5742,广东番禺,职业技术学院宿舍
6001,广东番禺,东涌中学校内
4498,广东番禺,番禺客运站
4052,广东番禺,仲元实验学校
4009,广东番禺,大岗镇十八罗汉山
7466,广东番禺,东涌中学
6752,广东番禺,塘步西
4061,广东番禺,新垦
5279,广东番禺,莲花山风景区
6606,广东番禺,南村镇七星岗公园
5194,广东番禺,石基镇 文化广场
4336,广东番禺,金海岸花园
4923,广东番禺,祈福新村
5586,广东番禺,石楼镇
5270,广东番禺,大岭村
6573,广东番禺,南村镇汇贤小学
3311,广东罗定,罗城镇石围
7366,广东翁源,江尾镇
1008,广东肇庆,七星岩景区
6143,广东肇庆,鼎湖区广利砚洲岛
2917,广东肇庆,黑石顶自然保护区
7404,广东肇庆,鼎湖区永宁
582,广东肇庆,永安镇江溪村
941,广东肇庆,鼎湖山风景区
7014,广东肇庆,九龙湖风景区
5751,广东肇庆,北岭将军山
576,广东肇庆,鼎湖区沙浦镇
5752,广东肇庆,将军山风景区
1155,广东英德,英西峰林走廊
2221,广东英德,石门台自然保护区
2013,广东英德,宝晶宫
2611,广东茂名,新湖公园
3857,广东茂名,露天矿
3858,广东茂名,镇盛
3853,广东茂名,市南郊
4003,广东茂名,公馆
2613,广东茂名,春苑公园
3833,广东茂名,新圩
3855,广东茂名,江滨公园
3896,广东茂名,小东江畔
2615,广东茂名,羊角镇竹营方田村
2616,广东茂名,羊角镇大田头村
4150,广东茂名,人民中路
4963,广东茂名,文冲口
3897,广东茂名,茂名森林公园
5761,广东茂名,浮山岭
4884,广东茂名,河西市场
4811,广东茂名,新圩禄村
3893,广东茂名,市北郊
2906,广东蕉岭,蕉岭县
4341,广东连南,三江镇
2421,广东连州,大东山
7244,广东连州,连州中学
7197,广东连州,大云洲
7262,广东连州,星子河流域
7198,广东连州,文化广场至巾峰山
6330,广东连平,九连山
3714,广东连平,黄牛石自然保护区
5106,广东遂溪,草潭码头
5486,广东遂溪,芙蓉村
4132,广东遂溪,北潭
1373,广东郁南,同乐大山保护区
2596,广东郁南,平台镇
408,广东阳春,马水镇
3717,广东阳春,鹅凰嶂自然保护区
625,广东阳江,阳西东平镇
6157,广东阳江,Xitou
1626,广东阳江,海陵岛闸坡
7460,广东阳西,鹅凰嶂
5677,广东阳西,八甲
6809,广东阳西,溪头镇
5793,广东陆丰,Shanghai
4136,广东陆河,东坑镇
4892,广东陆河,河田镇
1711,广东雷州,九龙山
7458,广东雷州,企水镇
7606,广东雷州,纪家镇
6851,广东韶关,翁源县坝仔镇梅村
6026,广东韶关,翁源红岭镇
1371,广东韶关,南华寺
4186,广东韶关,仁化县黄砂坑
2528,广东韶关,车八岭自然保护区
6996,广东韶关,罗坑
6126,广东韶关,森林公园
6443,广东韶关,乐昌市九峰镇
4405,广东韶关,翁源翁江
4185,广东韶关,仁化县城
5481,广东韶关,芙蓉山
433,广东韶关,丹霞山
5575,广东顺德,顺峰山公园
5553,广东顺德,勒流中学
6029,广东顺德,勒流勒北村
5533,广东顺德,新城区
5576,广东顺德,均安李小龙生态乐
6944,广东饶平,大埕
2023,广东饶平,汫州
5350,广东饶平,红旗村
6966,广东饶平,汛洲岛
4002,广东高州,浮山岭
3934,广东高州,城南
5359,广东高州,云潭
5142,广东高州,平云山
4825,广东高州,西镇秧坡
4840,广东高州,仙人垌
4957,广东高州,马贵
3930,广东高州,石鼓
765,广东高要,金龙水库
4022,广东高要,苗迳村
906,广东龙门,南昆山自然保护区
6557,广西三江,高基乡
4357,广西上思,十万大山森林公园
2980,广西上思,南屏瑶族乡
1197,广西上思,东屏乡
6587,广西上林,拥军村
5007,广西上林,毛塘（白圩镇）
5011,广西上林,梁大岭庄
4589,广西上林,大明山
1647,广西临桂,安江坪
1202,广西乐业,雅长林场
2378,广西乐业,火卖生态村
4608,广西兴安,猫儿山森林公园
6985,广西兴安,猫儿山自然保护区
2361,广西凭祥,大青山林场
7233,广西北流,民乐镇
4728,广西北流,大容山森林公园
4981,广西北海,大墩海沙滩
4982,广西北海,北航门前水塘
4984,广西北海,大冠沙海堤
5072,广西北海,合浦县城郊
4920,广西北海,防城北仑河口保护
5012,广西北海,福成镇星星农场
4972,广西北海,北海环卫处大院
4567,广西北海,涠洲岛鸟类保护区
4985,广西北海,北海开江社王公
4387,广西北海,银滩
3881,广西北海,大冠沙虾塘
4304,广西北海,冠头岭
5082,广西北海,防城万尾金滩东滩
4303,广西北海,刑侦大队
1291,广西南宁,邕江南岸河堤
3238,广西南宁,相思湖
4141,广西南宁,亭江路南
3225,广西南宁,青秀山
5229,广西南宁,文物苑
4739,广西南宁,区图书馆
4849,广西南宁,高岭服务站
3452,广西南宁,广西职业技术学院
4760,广西南宁,南宁动物园
4488,广西南宁,南宁荔园山庄
3693,广西南宁,江南车站旁小河流
4490,广西南宁,上马碌村
6995,广西南宁,西大行山自然保护
4117,广西南宁,心圩东盟总部基地
4236,广西南宁,峙村河水库
2572,广西南宁,吴圩机场
4047,广西南宁,桃源饭店
4749,广西南宁,广西中医学院
4469,广西南宁,沙井杨村
4754,广西南宁,广西农业职业技术
3240,广西南宁,葫芦顶大桥北附近
3239,广西南宁,邕江边
1962,广西南宁,广西大学西校园
3970,广西南宁,高峰林场
5580,广西南宁,广西畜牧研究所
4499,广西南宁,南湖公园
4437,广西南宁,昆仑镇太昌村
4071,广西南宁,五一路沙井富德村
4072,广西南宁,南宁新秀公园
3987,广西南宁,金沙湖
4445,广西南宁,四塘凤凰谷
4814,广西南宁,黄茅坪水库
4968,广西南宁,吴圩明阳中学
7165,广西南宁,二中凤岭校区
1912,广西南宁,广西大学东校园
4862,广西南宁,沙井凤凰村
1639,广西南宁,广西弄岗国家级自
7418,广西南宁,青秀湖公园
4455,广西南宁,江南区沙井中学附
4076,广西南宁,五象岭国家森林公
4016,广西南宁,大王滩水库
204,广西南宁,良凤江森林公园
6961,广西南宁,石埠镇下灵村
6717,广西南宁,老虎岭水库
4841,广西南宁,安吉天堂岭
5767,广西南宁,广西烈士陵园
4211,广西南宁,金鸡小学旁
4077,广西南宁,南宁天雹水库
1330,广西南宁,南宁市狮山公园
2132,广西南宁,广西林科院后山
3322,广西南宁,广西药用植物园
2810,广西南宁,广西医科大学
3439,广西南宁,金花茶公园
4188,广西南宁,东山水库
1840,广西南宁,弄官山区
205,广西南宁,人民公园
4192,广西南宁,罗村水库
2688,广西南宁,中兴桥南附近
3406,广西南宁,石门森林公园
3996,广西南宁,龙潭水库
4390,广西南宁,机电职业技术学院
5148,广西南宁,火炬路高新区
4931,广西南宁,黄屋屯
2407,广西南宁,凤岭青秀山脚
4861,广西南宁,吴圩明阳工业园旁
4748,广西南宁,广西师范学院
4222,广西南宁,邕宁蒲津公园
1787,广西南宁,西大林学院后山
1944,广西南宁,广西民族大学
4999,广西南宁,那马竹泉岛
4406,广西南宁,上林大龙湖景区
4073,广西南宁,新阳路新阳南社区
1165,广西南宁,广西大学农场
4453,广西南宁,四塘同仁村
4452,广西南宁,邕灵清泉路口附近
4842,广西南宁,水牛研究所对面山
3543,广西南宁,柳沙邕江边
3463,广西博白,龙潭镇
1734,广西合浦,山口红树林保护区
4398,广西大新,恩城自然保护区
7465,广西大新,明仕田园
2045,广西大新,德天瀑布及周边
5999,广西天峨,大山原始森林
3444,广西宁明,桐棉镇
3161,广西宁明,寨安乡安阳村
3124,广西宁明,宁明县明江村
206,广西宁明,弄岗保护区陇瑞站
4358,广西宁明,花山壁画
3464,广西宁明,百合林场
3825,广西宜州,河池学院
5008,广西宾阳,大桥镇
4885,广西崇左,中东镇
1638,广西崇左,生态公园
5022,广西巴马,水晶宫景点
5023,广西巴马,巴盘长寿村
4682,广西巴马,百鸟岩
4683,广西巴马,百魔洞景区
4905,广西平南,思旺中学附近
7092,广西平果,莫鲁屯村
5965,广西平果,平果高中和公园
7148,广西恭城,三江乡
2804,广西扶绥,岜盆保护区（站）
5025,广西扶绥,西大明山保护区
1606,广西来宾,652指挥部
1198,广西来宾,红水河流域
1577,广西柳州,三门江森林公园
1335,广西柳州,广西林校长塘校区
3512,广西柳州,雀山公园
2079,广西柳州,柳南西环小鱼塘
4786,广西柳州,鱼峰山
634,广西柳州,沙塘君武森林公园
3498,广西柳州,碧芙蓉景区
2293,广西柳州,沙塘江湾水库
1578,广西柳州,市郊门头村小河边
3438,广西柳州,柳候公园
2357,广西柳州,柳州铁路局大院
1701,广西柳州,龙潭公园
3499,广西柳州,古亭山森林公园
4062,广西桂平,金田镇金田起义遗
4063,广西桂平,风门坳水电站
6705,广西桂林,雁山植物园
715,广西桂林,漓江泳场
4386,广西桂林,两江机场
521,广西桂林,阳朔西街
6671,广西桂林,榕湖公园
7604,广西桂林,灵川县漓江边上
3082,广西桂林,桂林植物园
4385,广西桂林,象山公园
1648,广西桂林,尧山半山之尼姑庵
713,广西桂林,阳朔县城
6194,广西桂林,国家森林公园
5197,广西桂林,恭城县红岩新村
3575,广西桂林,西山公园
3574,广西桂林,愚自乐园
714,广西桂林,古东瀑布公圆
821,广西桂林,官帽山
4784,广西桂林,穿山公园
819,广西桂林,虹桥小区
4430,广西桂林,龙胜县
3092,广西桂林,雁山镇
7220,广西桂林,尧山
3953,广西桂林,柘木镇漓江边
1839,广西桂林,阳朔县兴坪
6713,广西桂林,同心园
717,广西桂林,七星公园
824,广西桂林,尧山殡仪馆附近
6628,广西桂林,永福县江西村
825,广西桂林,灵田公路7公路处
6710,广西桂林,高新区创业园
716,广西桂林,七星区竹桥村
7599,广西桂林,两江至五通
3576,广西桂林,芦笛岩
1194,广西桂林,漓江
820,广西桂林,正阳步行街
1503,广西桂林,猫儿山
3577,广西桂林,莫家连塘
6933,广西梧州,圣文园
4503,广西梧州,中山公园
4502,广西梧州,龙母庙风景区
4412,广西梧州,白云山风景区
6895,广西梧州,玫瑰湖公园
7102,广西梧州,云龙公园
3675,广西横县,横县人民医院
3684,广西横县,白沙村
3683,广西横县,江南村和白沙村
3617,广西横县,横州公园
3637,广西横县,西津水库
3638,广西横县,太平山及附近农田
3616,广西横县,江南渡旁区域
4042,广西武鸣,起凤山
7173,广西武鸣,里建
4798,广西武鸣,花花大世界
3933,广西武鸣,大明山（小陆）
4082,广西武鸣,三十六弄保护区
3197,广西河池,木论国家级保护区
4399,广西浦北,五皇山森林公园
4893,广西灌阳,县城附近
4888,广西灵山,陆屋镇
2514,广西环江,杨梅坳
4475,广西环江,木论自然保护区
3128,广西环江,中科院喀斯特站
4584,广西田林,岑王老山保护区
7011,广西百色,半岛公园
7010,广西百色,体育馆旁边
4554,广西百色,大王岭水源林区
5158,广西荔浦,官田村
1961,广西融冰,元宝山
2838,广西西林,西林县
4637,广西贵港,南山寺
6082,广西贺县,石凉亭东城停车场
4491,广西邕宁,蒲庙镇
4767,广西邕宁,清水泉
2969,广西金秀,大瑶山自然保护区
1958,广西金秀,老山林场
5663,广西钦州,汽车北站泥桥
5623,广西钦州,灵山太平
2576,广西钦州,三娘湾
7332,广西防城港,澫尾金滩
7335,广西防城港,竹山
7333,广西防城港,倒水坳大桥
7334,广西防城港,沙尾
7337,广西防城港,江山乡
6042,广西阳朔,兴坪镇
7618,广西阳朔,旧县村
5721,广西阳朔,遇龙河
4512,广西陆川,陆川公园
6085,广西陆川,陆透水库
6641,广西陆川,乌石镇
7564,广西陆川,龙颈瀑布
4039,广西陆川,谢鲁村
4807,广西陆川,温泉镇官田村
5867,广西陆川,大桥镇雅松村
4593,广西隆安,龙虎山风景区
4138,广西隆安,Long Hu
6558,广西隆安,布泉
3676,广西隆林,马兰箐林区
1196,广西隆林,大哄豹自然保护区
1195,广西隆林,金钟山鸟类保护区
3034,广西隆林,天生桥
7463,广西靖西,古龙山大峡谷
1193,广西靖西,底定保护区
5439,广西靖西,通灵大峡谷
5278,广西马山,县城周边
4484,广西马山,灵泉寺
5202,广西马山,大明山水锦电站
5215,广西马山,红水河1
4213,广西鹿寨,中渡香桥地质公园
4444,广西龙州,独山及附近
7052,广西龙州,弄亨村
1645,广西龙州,小连城风景区
7603,广西龙州,响水镇
1192,广西龙州,弄岗保护区
2384,广西龙胜,矮岭国家森林公园
4631,广西龙胜,龙脊风景名胜区
2105,广西龙胜,花坪国家级自然保
3388,广西龙胜,龙胜温泉
2936,新疆且末,塔提让
2928,新疆且末,塔中石油基地
2392,新疆乌什,农一师四团
3218,新疆乌恰,托云乡
4333,新疆乌苏,奎屯河-独库公路
6445,新疆乌苏,奎屯水库125团
3661,新疆乌苏,甘家湖保护区
1488,新疆乌鲁木齐,市区
6052,新疆乌鲁木齐,天山天池
2952,新疆乌鲁木齐,胜利达阪
7238,新疆乌鲁木齐,柴窝堡
4740,新疆乌鲁木齐,后峡及一号冰川
5567,新疆乌鲁木齐,白湖
4476,新疆乌鲁木齐,羊圈沟
2819,新疆乌鲁木齐,西山
7358,新疆乌鲁木齐,五家渠上渔场
3209,新疆乌鲁木齐,植物园
1519,新疆乌鲁木齐,燕儿窝鸿雁池水库
3624,新疆乌鲁木齐,乌拉泊湿地
2954,新疆乌鲁木齐,永丰区
2953,新疆乌鲁木齐,后峡哈熊沟
5728,新疆乌鲁木齐,乌拉泊-红雁池
3848,新疆乌鲁木齐,水磨沟
5681,新疆乌鲁木齐,南公园
2046,新疆乌鲁木齐,乌鲁木齐河河谷
2606,新疆乌鲁木齐,青格达湖乡
2536,新疆乌鲁木齐,东山-米东新区
4746,新疆乌鲁木齐,西白杨沟
5709,新疆乌鲁木齐,南山环线
2269,新疆乌鲁木齐,艾维尔沟
2398,新疆乌鲁木齐,地窝堡
6100,新疆乌鲁木齐,水西沟-南山
6507,新疆乌鲁木齐,雅山生态圈
1482,新疆乌鲁木齐,东山石人沟
2233,新疆乌鲁木齐,人民公园
2085,新疆乌鲁木齐,柴窝堡湖－乌拉泊
5584,新疆乌鲁木齐,天山野生动物园
5609,新疆乌鲁木齐,新疆农业大学
2009,新疆乌鲁木齐,达坂城区及湿地
1161,新疆乌鲁木齐,板房沟（南山）
5964,新疆乌鲁木齐,白湖——柳城子
6311,新疆乌鲁木齐,红山公园
4460,新疆于田,普鲁村-昆仑山
1190,新疆于田,克里雅河流域
6869,新疆伊吾,淖毛湖胡杨林公园
2163,新疆伊吾,松树塘
2304,新疆伊吾,中山带及戈壁农田
6874,新疆伊吾,伊吾县城公园
1586,新疆伊宁,从新源到伊宁沿线
7569,新疆伊宁,昭苏 夏特峡谷
1593,新疆伊宁,伊犁宾馆
5803,新疆伊宁,伊宁、昭苏
5786,新疆伊宁,伊宁、察县、霍城
5891,新疆伊宁,伊犁河边湿地
2638,新疆伽师,西克尔水库
3022,新疆克拉玛依,独山子
979,新疆克拉玛依,公路沿线
3644,新疆克拉玛依,胡杨林
1514,新疆克拉玛依,艾里克湖
2600,新疆克拉玛依,白碱滩地区
5321,新疆克拉玛依,南新路湿地
2159,新疆克拉玛依,五五新镇
4253,新疆克拉玛依,小艾里克湖
2227,新疆博乐,果子沟
5654,新疆博乐,89团
1480,新疆博乐,艾比湖
2261,新疆博乐,阿拉山口
3672,新疆博乐,夏尔西里保护区
4056,新疆博乐,市区
1479,新疆博乐,赛里木湖
3201,新疆博乐,五一水库 等
3657,新疆博乐,三台林场
7420,新疆博湖,博湖长堤
2347,新疆博湖,博斯腾湖
2924,新疆博湖,乌兰码头
7457,新疆博湖,落霞湾-大河口
6322,新疆博湖,阿洪口
4057,新疆叶城,新藏公路沿线
4243,新疆吉木乃,县城及吉木乃口岸
4373,新疆吉木乃,沙窝尔冰川阿克拉
2919,新疆吉木萨尔,龙口水库
2922,新疆吉木萨尔,红旗农场
2232,新疆吉木萨尔,路边
4745,新疆吉木萨尔,五彩湾
1326,新疆吉木萨尔,卡拉麦里保护区
6477,新疆吐鲁番,鄯善县迪坎尔乡
3800,新疆吐鲁番,库木塔格沙漠景区
6442,新疆吐鲁番,阿斯塔那古墓
2923,新疆吐鲁番,沙漠植物园
1174,新疆呼图壁,大丰-雀尔沟镇
2644,新疆和田,昆仑湖
1766,新疆和田,友谊水库
6740,新疆和硕,红山水库
6409,新疆和硕,博斯滕湖金沙滩
7526,新疆和硕,乃仁克尔包尔图
2951,新疆和静,巴润哈尔莫墩
1476,新疆和静,巴轮台
6319,新疆和静,克尔古提山区
1077,新疆和静,巴音布鲁克
1786,新疆咯什,塔什库尔干沿线
3223,新疆咯什,东湖公园
3222,新疆咯什,人民公园
2344,新疆咯什,香妃墓
3224,新疆咯什,地委宾馆
5704,新疆咯什,塔县-红其拉甫
2145,新疆咯什,塔县至大同乡沿线
2622,新疆咯什,喀什色满乡
5634,新疆哈密,雅满苏镇
6051,新疆哈密,巴里坤
2297,新疆哈密,哈密市
6865,新疆哈密,巴里坤兰州湾子
2303,新疆哈密,东天山大峡谷
2106,新疆哈巴河,山地河谷草原湿地
4742,新疆哈巴河,白哈巴
2341,新疆塔城,市区及巴克图口岸
2653,新疆墨玉,喀拉喀什河
1083,新疆奇台,北塔山牧场
2918,新疆奇台,三个庄子
5664,新疆奇台,宽沟-碧流河
2231,新疆奇台,半截沟
6514,新疆奇台,卡拉麦里山
3785,新疆奇台,将军戈壁-卡拉麦
2064,新疆奇台,南山国家森林公园
3763,新疆奇台,西地镇
6422,新疆奇台,硅化木园—恐龙沟
2846,新疆奇台,县城
2175,新疆奎屯,市郊
4005,新疆奎屯,130团胡杨公园
1512,新疆奎屯,五五新镇
2847,新疆奎屯,车排子水库
3839,新疆富蕴,杜热-乌伦古河
2915,新疆富蕴,卡木斯特
3795,新疆富蕴,恰库尔图
3796,新疆富蕴,铜矿
4744,新疆富蕴,卡拉麦里保护区
2111,新疆富蕴,可可托海
1477,新疆察布查尔,县城附近
1079,新疆察布查尔,伊犁河边
2945,新疆尉犁,大西海子
2346,新疆尉犁,罗布人家
2946,新疆尉犁,恰拉水库
2311,新疆尉犁,塔里木河胡杨林
1516,新疆尼勒克,喀什河河谷
5852,新疆巩留,库尔德宁
3846,新疆布克赛尔,和丰石西油田
4251,新疆布克赛尔,依克乌图布拉克
4242,新疆布克赛尔,和什托洛盖
4252,新疆布克赛尔,玛纳斯湖-盐场
2343,新疆布尔律,阳光沙滩
980,新疆布尔律,喀纳斯湖
2224,新疆布尔律,禾木乡
2107,新疆布尔律,布尔津贾登峪沿线
978,新疆布尔律,布尔津县城
2226,新疆布尔律,五彩滩
4208,新疆库尔勒,市区
2619,新疆库尔勒,库尔勒-库尔楚
1637,新疆库尔勒,沙漠公路沿线
6316,新疆库尔勒,哈拉玉宫村
5705,新疆库尔勒,铁门关
2620,新疆库车,伊西哈拉-龙口
2711,新疆托克逊,库米什
2010,新疆托克逊,夏乡
1511,新疆托里,塔岔口至托里沿线
6341,新疆拜城,省道307沿线
6936,新疆新源,71团
2326,新疆新源,那拉提至县城沿线
3099,新疆新源,巩乃斯河边
7344,新疆昌吉,五家渠上渔场
1173,新疆昌吉,五家渠青格达湖
3146,新疆昌吉,六工乡-杜氏度假
1490,新疆昌吉,五家渠103团
1483,新疆昌吉,五家渠沙山子水库
1987,新疆昌吉,市区
6510,新疆昌吉,五家渠生态观测站
1484,新疆昌吉,五家渠黄家梁水库
2323,新疆昭苏,特克斯河河谷
6359,新疆木垒,县城
2230,新疆木垒,博斯坦乡
3032,新疆木垒,大石头
2063,新疆木垒,波斑鸨繁殖地
2929,新疆民丰,叶亦克
2933,新疆民丰,安迪尔栏干
2932,新疆民丰,渔湖道班
4458,新疆民丰,卡尔塞-库亚克
2705,新疆民丰,若克雅
2280,新疆沙湾,宁家河河谷
1478,新疆沙湾,千泉湖
3098,新疆沙湾,安集海水库
2142,新疆沙雅,县城至帕满水库
7123,新疆泽普,金湖杨
1080,新疆温宿,托木尔峰地区
2621,新疆温宿,核桃林场
3203,新疆温泉,北鲵保护区
5762,新疆温泉,卡昝
5718,新疆温泉,县城附近的河谷
1474,新疆温泉,县城至博乐沿线
7422,新疆焉耆,县城城区
2926,新疆焉耆,相思湖（包尔海）
1765,新疆焉耆,湿地
6508,新疆特克斯,喀拉峻-琼库斯台
6901,新疆玛纳斯,小海子老海子
6900,新疆玛纳斯,新户坪水库
6831,新疆玛纳斯,夹河子水库
6832,新疆玛纳斯,白土坑
6899,新疆玛纳斯,小李庄
2028,新疆玛纳斯,玛纳斯河河谷
6833,新疆玛纳斯,大海子
2652,新疆皮山,木吉公路边
6939,新疆石河子,市园林所园林
7615,新疆石河子,大泉沟、蘑菇湖
6935,新疆石河子,蘑菇湖以南湿地和
7167,新疆石河子,玛纳斯河红山渠首
2156,新疆石河子,石河子附近
7110,新疆石河子,夹河子、跃进水库
7421,新疆石河子,莫索湾
2393,新疆石河子,蘑菇湖
7127,新疆石河子,大泉沟
5322,新疆福海,滨河公园
3841,新疆福海,三个泉
4041,新疆福海,635枢纽
3760,新疆福海,布伦托海-大海子
4250,新疆福海,福海盐场-188
3840,新疆福海,顶山
4743,新疆福海,福海水库
1508,新疆福海,乌伦古湖-吉力湖
2658,新疆策勒,达玛沟
2138,新疆策勒,县城沿途果园农田
2704,新疆米泉,塔桥湾
2025,新疆米泉,卧龙岗
1517,新疆米泉,东道海子
2535,新疆米泉,米东新区
3204,新疆精河,阔克巴斯陶艾比湖
4254,新疆精河,艾比湖西南博河口
3206,新疆精河,艾比湖东南岸
5962,新疆若羌,祁漫塔格山
6350,新疆若羌,库木库里
5552,新疆若羌,康拉克湖
6340,新疆若羌,台特玛湖
2943,新疆若羌,罗布庄
2944,新疆若羌,阿尔干
5667,新疆若羌,罗布泊钾盐矿
5668,新疆若羌,罗布泊阿奇克谷地
5853,新疆若羌,阿尔金山依协克帕
1171,新疆若羌,国道218沙漠线
6342,新疆若羌,红柳沟
5551,新疆若羌,县城附近
2639,新疆英吉沙,苏盖提
2651,新疆莎车,东方红水库
2267,新疆裕民,巴尔鲁克山区
2345,新疆轮台,沙漠公路
4335,新疆轮台,也特达西-草湖乡
2710,新疆轮台,哈尔巴克
2927,新疆轮台,塔里木河大桥
2151,新疆阜康,北沙窝
5665,新疆阜康,阜北刘城子222
981,新疆阜康,天池风景区
1325,新疆阜康,兵户水库
3145,新疆阜康,500水库
2089,新疆阿克苏,阿克苏机场
5370,新疆阿克苏,多浪公园
6054,新疆阿勒泰,恰库尔图
4234,新疆阿勒泰,阿苇滩
1509,新疆阿勒泰,北屯额尔齐斯河谷
6509,新疆阿勒泰,桦林公园
4824,新疆阿勒泰,北屯183团
4244,新疆阿勒泰,阿拉哈克
4473,新疆阿勒泰,市区
6057,新疆阿勒泰,哈巴河县
6463,新疆阿勒泰,喀纳斯
2832,新疆阿勒泰,科克苏湿地保护区
6464,新疆阿勒泰,禾木村
4485,新疆阿勒泰,青河县
6055,新疆阿勒泰,福海县
1510,新疆阿勒泰,克兰河谷
6056,新疆阿勒泰,布尔津
4282,新疆阿勒泰,垃圾处理厂
6053,新疆阿勒泰,北屯
6339,新疆阿合奇,省道306沿线
5378,新疆阿合奇,县城附近
1783,新疆阿图什,至乌什沿线
5633,新疆阿图什,阿克陶县奥依塔格
2228,新疆霍城,霍城全境
1178,新疆霍城,63团
2193,新疆青河,艾比山与艾比库勒
4212,新疆青河,科克塔斯
4216,新疆青河,布尔根-塔克什肯
4217,新疆青河,冬特
2114,新疆青河,青河乌鲁木齐沿线
3799,新疆青河,萨尔托海(二台)
1634,新疆青河,县城及桦林公园
4215,新疆青河,察干郭楞
4501,新疆青河,阿热勒青河沿线
1515,新疆额敏,到铁厂沟沿线
1513,新疆额敏,167团
2845,新疆马里坤,巴里坤湖
2844,新疆马里坤,松树塘
3221,新疆麦盖提,罕库勒水库
3220,新疆麦盖提,前进水库
5067,江苏东台,弶港
7263,江苏东台,梁垛河口
3289,江苏六合,大厂东方公司
1668,江苏六合,太子山
2153,江苏六合,马汊河沿岸
6539,江苏六合,龙袍
6460,江苏六合,沙洲渡
2255,江苏六合,平山林场
1831,江苏六合,乡村
6898,江苏六合,长山
158,江苏六合,金牛湖
2893,江苏六合,止马岭林场
2395,江苏六合,沿江湿地
2211,江苏六合,灵岩山
6544,江苏六合,西片组合水库
823,江苏兴化,唐刘镇
1758,江苏南京,九华山
1882,江苏南京,白鹭洲公园
4375,江苏南京,七桥瓮湿地公园
6061,江苏南京,黄埔花园
1566,江苏南京,秦淮河
1380,江苏南京,清凉山公园
7008,江苏南京,羊山公园
4978,江苏南京,仙林大学城
5625,江苏南京,和平涵
4991,江苏南京,江宁南广学院
7542,江苏南京,颐和路民国公馆区
6542,江苏南京,组合地点
4255,江苏南京,红山动物园
2305,江苏南京,南京
2160,江苏南京,仙林灵山
6676,江苏南京,中山陵
1665,江苏南京,菊花台
2426,江苏南京,江苏警官学院
1048,江苏南京,栖霞山
670,江苏南京,玄武湖
4544,江苏南京,南京晓庄学院
1994,江苏南京,南师大随园校区
2011,江苏南京,阅江楼
5001,江苏南京,总统府
6675,江苏南京,南京大学
1709,江苏南京,幕府山
1470,江苏南京,牛首山
653,江苏南京,南师大仙林校区
3985,江苏南京,南京陆军指挥学院
6159,江苏南京,明孝陵
3324,江苏南京,植物园
6144,江苏南京,水利公园三桥湿地
466,江苏南京,丁家桥
2524,江苏南京,潜洲
1457,江苏南京,将军山
488,江苏南京,南京理工大学
46,江苏南京,紫金山
2854,江苏南京,滨江公园
496,江苏南京,国防圆
4438,江苏南京,老山
7461,江苏南京,浦口长江北岸
4227,江苏南京,梅花谷、梅花山
270,江苏南京,东南大学
2349,江苏南京,东南大学丁家桥
1692,江苏南京,工人新村
4924,江苏南京,翠屏山
69,江苏南京,八卦洲
2133,江苏南京,石子岗
2405,江苏南京,南京林业大学
3686,江苏南京,七里河
6704,江苏南京,南财大仙林校区
1346,江苏南京,雨花台
3532,江苏南京,北极阁公园
1666,江苏南京,南郊市外桃源
450,江苏南京,江心洲
3531,江苏南京,鸡鸣寺
6173,江苏南京,天堡城遗址
3095,江苏南京,江宁岔路口
552,江苏南京,金陵中学
3595,江苏南京,小红山
3292,江苏南通,狼山风景区
2636,江苏南通,啬园
3291,江苏南通,
7154,江苏句容,北山水库
2316,江苏句容,宝华山
3207,江苏句容,赤山湖
6007,江苏句容,茅山湖
6567,江苏句容,赤山
2718,江苏句容,句容
6635,江苏句容,茅东水库
6127,江苏句容,瓦屋山
1752,江苏启东,启东盐场
1753,江苏启东,圆陀角
5942,江苏启东,吕四
608,江苏吴县,穹窿山
626,江苏吴县,东山
753,江苏吴江,东太湖
7292,江苏吴江,戗港
7134,江苏吴江,震泽湿地公园
7406,江苏吴江,同里湿地公园
4812,江苏大丰,麋鹿保护区
3529,江苏大丰,海丰农场
1716,江苏太仓,鹿河镇
7586,江苏太仓,浏岛生态园
3764,江苏如东,如东盐场
3651,江苏如东,大洋口
3649,江苏如东,县城人民公园
3702,江苏如东,小洋口
5073,江苏如皋,江苏如皋
3552,江苏宜兴,龙背山森林公园
6214,江苏宜兴,环太湖大堤
6213,江苏宜兴,黄墅水库
6843,江苏宜兴,油车水库
5956,江苏宜兴,茗岭山
6105,江苏宜兴,杭宁太湖服务区
1886,江苏宜兴,湖滏
1887,江苏宜兴,太华
4184,江苏宜兴,茗岭镇省庄村
7368,江苏宜兴,黄塔顶
6566,江苏宜兴,全区
4183,江苏宜兴,龙池山自然保护区
6154,江苏宜兴,横山水库
2582,江苏宝应,下舍
3602,江苏射阳,四支渠贝类养殖滩
5624,江苏射阳,芦苇公司
804,江苏射阳,盐城珍禽保护区
6045,江苏射阳,组合地点
6858,江苏常州,荷园
2532,江苏常州,荆川公园
3767,江苏常州,沪宁铁路常州段
3150,江苏常州,蔷薇园
3151,江苏常州,武进水务局东
748,江苏常州,雪堰镇
2182,江苏常州,淹城
5139,江苏常州,太湖湾度假区
2545,江苏常州,红梅公园
6158,江苏常州,青枫公园附近
2478,江苏常州,东坡公园
2972,江苏常州,潞城毓秀园
2124,江苏常州,孟河镇茅庵村
4956,江苏常州,翠竹公园
4326,江苏常州,横山苗圃
3068,江苏常州,滆湖
5017,江苏常熟,昆承湖
2558,江苏常熟,尚湖風景區
5532,江苏常熟,长江沿岸滩涂
5318,江苏常熟,望虞河入江口
1175,江苏常熟,虞山国家森林公园
2427,江苏常熟,沙家浜
6877,江苏张家港,双山岛
1888,江苏徐州,云龙湖
1597,江苏徐州,徐州空军学院
7145,江苏徐州,江苏师大泉山校区
2648,江苏徐州,泉山森林公园
7017,江苏徐州,小南湖
2649,江苏徐州,云龙山
2695,江苏扬州,蜀岡西峰生態公園
4806,江苏扬州,火车站南湿地
4857,江苏扬州,平山茶场
2696,江苏扬州,揚州大學瘦西湖校
637,江苏扬州,瘦西湖
6092,江苏扬州,凤凰岛湿地公园
762,江苏扬州,大明寺
1862,江苏扬州,东郊田庄村
5330,江苏扬州,扬州蜀岗西峰
5449,江苏扬州,扬庙镇
6151,江苏扬州,荷花池公园
4847,江苏扬州,瓜州汽渡江边湿地
5898,江苏扬州,宋夹城
6180,江苏无锡,新安至南泉环太湖
809,江苏无锡,锡惠公园
749,江苏无锡,灵山大佛景区
4388,江苏无锡,鸿山镇
3295,江苏无锡,东港镇东青河村
2730,江苏无锡,东蠡湖
6980,江苏无锡,白旄湾
5154,江苏无锡,长广溪湿地
3994,江苏无锡,华东疗养院
5908,江苏无锡,山前嘉园
4110,江苏无锡,华庄农场
1292,江苏无锡,市区
4364,江苏无锡,嵩山
3331,江苏无锡,梅园
7124,江苏无锡,石塘山
3646,江苏无锡,吼山森林公园
3418,江苏无锡,渤公岛
6702,江苏无锡,无锡安镇胶山
3429,江苏无锡,青山公园
6611,江苏无锡,安镇农博园
3450,江苏无锡,龙世科技园
2374,江苏无锡,西蠡湖
7326,江苏无锡,龙王山
3922,江苏无锡,绿羊温泉农场
7330,江苏无锡,惠山森林公园
4049,江苏无锡,鹅湖镇鹅湖
3692,江苏无锡,吴文化公园
3415,江苏无锡,（山军）嶂山
3461,江苏无锡,吟苑公园
3560,江苏无锡,蠡湖中央公园
3652,江苏无锡,太湖花卉园
3681,江苏无锡,雪浪生态园
4346,江苏无锡,阳山农家乐生态园
6190,江苏无锡,湖棣
3392,江苏无锡,新洲生态园
3619,江苏无锡,锦园（宾馆）
411,江苏无锡,鼋头渚
3462,江苏无锡,前洲镇北七房村
3404,江苏无锡,高子水居
3766,江苏无锡,沪宁铁路无锡段
6183,江苏无锡,北兴塘
4345,江苏无锡,无锡斗山茶场
6756,江苏无锡,十八湾湿地公园
4964,江苏无锡,管社山庄
2680,江苏无锡,东亭
2975,江苏无锡,无锡机场
5605,江苏无锡,金匮公园
2887,江苏无锡,太湖山水城
4160,江苏无锡,南泉长泰禅寺
6579,江苏无锡,东港镇
932,江苏昆山,淀山湖
3765,江苏昆山,沪宁铁路昆山段
5589,江苏昆山,阳澄湖费尔蒙酒店
7255,江苏昆山,五保湖
1286,江苏昆山,阳澄湖
1543,江苏昆山,周庄
6794,江苏武进,上高水库
2158,江苏江宁,新济洲湿地
3131,江苏江宁,东山
2162,江苏江宁,大石湖
2706,江苏江宁,土桥
4267,江苏江宁,秣陵高中
2816,江苏江宁,淳化
6767,江苏江宁,组合地点
3282,江苏江宁,吉山
4235,江苏江宁,秣陵
2599,江苏江宁,横溪
1557,江苏江宁,安基山水库
6072,江苏江宁,横山
1418,江苏江宁,汤山
1372,江苏江宁,南山湖
2351,江苏江宁,新生洲
2746,江苏江宁,驻家山
2813,江苏江宁,花园
6162,江苏江宁,东南大学九龙湖
3096,江苏江宁,岔路口天地新城
1353,江苏江宁,陶吴
4271,江苏江宁,铜山
3313,江苏江宁,东善桥林场
2677,江苏江宁,方山
487,江苏江宁,百家湖公园
1966,江苏江宁,翠屏山
6755,江苏江浦,九峰寺
3350,江苏江浦,顶山小学附近湿地
1442,江苏江浦,江浦
2102,江苏江浦,龙王山风景区
4229,江苏江浦,桥林-乌江
2394,江苏江浦,沿江湿地
6782,江苏江浦,江苏警官学院
1264,江苏江浦,老山林场
712,江苏江浦,南工大江浦校区
1152,江苏江浦,东南大学浦口校区
6179,江苏江浦,组合地点
1607,江苏江浦,南京大学浦口校区
2342,江苏江都,武坚镇
6716,江苏江阴,石庄沿江
7369,江苏江阴,江阴定山
3412,江苏江阴,长江大桥风景区
3478,江苏江阴,顾山镇
6747,江苏江阴,长泾-河塘-斗山
7440,江苏江阴,江阴要塞森林公园
6994,江苏江阴,华士砂山
6638,江苏江阴,文林荡南村
6619,江苏江阴,长泾东舜湖公园
6726,江苏江阴,中山公园
5095,江苏江阴,徐霞客镇峭岐
6795,江苏江阴,敔山湾公园
789,江苏泗洪,向阳水库
788,江苏泗洪,杨毛咀保护区
3728,江苏海安,老坝港
6531,江苏淮安,明祖陵
6532,江苏淮安,铁山寺风景区
1447,江苏淮安,钵池山公园
242,江苏溧水,石臼湖
2586,江苏溧水,东屏湖
6041,江苏溧水,大金山
2585,江苏溧水,卧龙湖
1504,江苏溧水,无想寺风景区
2322,江苏溧水,东庐山
605,江苏溧水,天生桥
4456,江苏溧阳,瓦屋山地区
5235,江苏溧阳,李家园村
2103,江苏溧阳,丫髻山
4152,江苏溧阳,西郊公园
6310,江苏溧阳,龙潭林场
7271,江苏溧阳,大溪水库
4451,江苏溧阳,深溪岕
6314,江苏溧阳,长荡湖湿地公园
7348,江苏溧阳,组合路线
946,江苏苏州,镇湖镇
7375,江苏苏州,旺山
3468,江苏苏州,白马涧龙池景区
767,江苏苏州,太湖镇
2547,江苏苏州,盤門風景名勝區
7236,江苏苏州,漕湖
7405,江苏苏州,荷塘月色湿地公园
3556,江苏苏州,苏州大学
2375,江苏苏州,西山
7377,江苏苏州,渔洋山
7362,江苏苏州,大阳山森林公园
3653,江苏苏州,尧峰山
3636,江苏苏州,金鸡山
754,江苏苏州,尹山湖农场
6845,江苏苏州,张家港香山景区
3669,江苏苏州,东山
3009,江苏苏州,玉山公園
3573,江苏苏州,枫桥 寒山寺
2367,江苏苏州,天平山
2370,江苏苏州,何山
3570,江苏苏州,拙政园
2629,江苏苏州,留园
3492,江苏苏州,通安鎮
3558,江苏苏州,中央公园
7172,江苏苏州,盛泽荡月季公园
6112,江苏苏州,张家港市杨舍镇
3075,江苏苏州,沙湖生態公園
2697,江苏苏州,南外城河綠化帶
3477,江苏苏州,树山生态村
2314,江苏苏州,虎丘
3557,江苏苏州,东园(动物园)
1275,江苏苏州,上方山森林公园
7531,江苏苏州,三山岛
3572,江苏苏州,观山
6723,江苏苏州,贡山岛
2368,江苏苏州,盘门
3559,江苏苏州,运河公园
7031,江苏苏州,临湖镇
6192,江苏苏州,甪直镇
5856,江苏苏州,太湖湿地公园
6667,江苏苏州,环太湖大道
3631,江苏苏州,越溪
6672,江苏苏州,张家港暨阳湖公园
7376,江苏苏州,狮子山
752,江苏苏州,阳澄湖
6812,江苏苏州,穹窿山景区
7274,江苏苏州,虎丘湿地公园
3006,江苏苏州,靈岩山
5940,江苏赣榆,青口河口
2788,江苏连云港,燕尾港
5688,江苏连云港,前三岛海域
4921,江苏连云港,开山岛
3596,江苏连云港,埒子口-东陬山
3085,江苏连云港,东陬山
3071,江苏连云港,埒子口
5489,江苏连云港,达山岛
5941,江苏连云港,赣榆青口 河口
6765,江苏连云港,东海 石梁河水库
4848,江苏连云港,连岛
2721,江苏连云港,新浦
7293,江苏连云港,平山村
2681,江苏连云港,连云区.
4483,江苏连云港,大板跳-埒子口
6595,江苏连云港,赣榆 塔山水库
5060,江苏连云港,西墅
6352,江苏连云港,云台农场
6346,江苏连云港,东海 西双湖
6115,江苏连云港,浦南
3754,江苏连云港,车牛山岛
3460,江苏连云港,临洪口
7424,江苏连云港,振兴花卉园
3241,江苏连云港,花果山水库
3551,江苏连云港,海滨公园
3832,江苏连云港,宿城
2659,江苏连云港,圩丰
6618,江苏连云港,塔山水库
7343,江苏连云港,潮河湾
5189,江苏连云港,墟沟小学
5307,江苏连云港,前三岛-P
5503,江苏连云港,海头
4305,江苏连云港,花果山
6010,江苏金坛,城南风景区
7559,江苏镇江,南山绿道
6199,江苏镇江,宝华山
7223,江苏镇江,古运河风光带
3701,江苏镇江,沪宁铁路镇江段
2565,江苏镇江,沿江湿地
7281,江苏镇江,回龙水库
3663,江苏镇江,南山风景名胜区
7222,江苏镇江,金山湖风景区
7471,江苏高淳,固城湖
2317,江苏高淳,石臼湖
840,江苏高邮,高邮湖
1469,江西上饶,上饶
6622,江西上饶,云碧峰森林公园
6808,江西上饶,广丰县五都镇
2557,江西上饶,三清山
6404,江西上饶,鄱阳湖湿地公园
6254,江西上饶,鄱阳县
2040,江西乐平,八面山
164,江西九江,庐山
7280,江西九江,姑塘
4040,江西九江,沙湖山
4209,江西九江,南湖公园
5283,江西九江,滨江东路
7083,江西九江,南湖大桥
7289,江西九江,株桥
2848,江西井岗山,水口
5972,江西井岗山,荆竹山
654,江西井岗山,茨坪黄洋界等
5975,江西井岗山,五斗江
5974,江西井岗山,八面山
5973,江西井岗山,大峡谷
5976,江西井岗山,黄坳
5971,江西井岗山,五指峰
5978,江西井岗山,阿东农家餐馆后山
5977,江西井岗山,龙潭
4175,江西修水,全县
2720,江西南昌,江西林科院
6569,江西南昌,老福山
7012,江西南昌,孔目湖
2446,江西南昌,江西师大瑶湖校区
7340,江西南昌,正荣大湖之都小区
2181,江西南昌,梅岭
6731,江西南昌,华东交通大学
6184,江西南昌,瑶湖
7550,江西南昌,方志敏烈士陵园
5356,江西南昌,凤凰洲碟子湖
7090,江西南昌,朱港
51,江西南昌,天香园
7547,江西南昌,南昌西站
7079,江西南昌,昌北机场
1743,江西南昌,南矶山
2527,江西南昌,人民公园
163,江西南昌,市区
1199,江西南昌,艾溪湖
3954,江西南昌,江西农业大学校区
5638,江西南昌,湾里乌井水库
4480,江西南昌,八大山人纪念馆
5324,江西南昌,江西中医学院湾里
32,江西南昌县,黄马
1051,江西南昌县,南矶山保护区
2203,江西南昌县,向塘
1822,江西南昌县,南昌县
4457,江西南昌县,莲塘
6552,江西吉安,秦和县灌溪
1892,江西吉安,吉安市郊区
6123,江西大余,丫山
6117,江西大余,南安镇
5144,江西大余,池江乡
2569,江西奉新,县城
7605,江西婺源,溪头乡
7417,江西婺源,坑口
5749,江西婺源,晓起
6313,江西婺源,石门村
395,江西婺源,全县
7386,江西婺源,文公山
4864,江西婺源,大鄣山
2566,江西宁都,翠微峰
2567,江西宁都,灵华山
7459,江西安福,武功山
1591,江西安远,三百山
2825,江西宜丰,官山自然保护区
7430,江西宜春,古庙村
7242,江西宜春,袁州区野保站
7429,江西宜春,柏木镇
7241,江西宜春,月亮山风景区
7202,江西宜春,靖安县
7428,江西宜春,仙巩村
7483,江西宜春,宜春机场
6793,江西宜黄,谭坊
6792,江西宜黄,县城河边公园
7318,江西崇义,章江源自然保护区
7311,江西崇义,齐云山自然保护区
437,江西弋阳,信江
6388,江西彭泽,黄岭乡 三畈村
6380,江西彭泽,芙蓉墩镇 凤凰村
4176,江西彭泽,芙蓉镇 芳湖
6163,江西德兴,占才乡
4887,江西德兴,白沙关
2806,江西德兴,海口
587,江西抚州,抚州一中
589,江西抚州,中医学校
4866,江西抚州,东华理工大学
591,江西抚州,抚河制氧厂段
4867,江西抚州,汝水森林公园
7194,江西抚州,东乡县杨桥殿镇
783,江西抚州,抚北镇
647,江西抚州,人民公园
648,江西抚州,干扰台机站
5119,江西新余,北湖公园
261,江西新建,南矶山候鸟保护区
7339,江西新建,溪霞水库
2538,江西新建,梦山
6559,江西新建,大汊湖
4055,江西星子,沙湖山鄱阳湖
6610,江西景德镇,景德镇一中
6627,江西景德镇,人民公园
6652,江西景德镇,玉田水库
7298,江西景德镇,冷水尖
6609,江西景德镇,罗家坞
6291,江西景德镇,景德镇陶瓷学院
6136,江西武宁,武陵岩
7157,江西永修,八字墙
4137,江西永修,大湖池
779,江西永修,吴城镇鄱阳湖
6653,江西波阳,三庙前乡洪曹村
4965,江西波阳,莲湖乡（岛乡）
5161,江西波阳,内外珠湖
1227,江西波阳,表恩岛大莲子湖
4939,江西波阳,团林乡礼恭脑
6722,江西浮梁,瑶里风景区
7144,江西浮梁,汪湖风景区
811,江西玉山,冰溪镇
2568,江西瑞金,莲花山
7239,江西萍乡,羊狮幕风景区
6644,江西萍乡,安源镇
6607,江西萍乡,萍乡中学
6612,江西萍乡,金螺峰公园
6624,江西萍乡,虎形山公园
7426,江西萍乡,万龙山乡
7427,江西萍乡,方田村
6603,江西萍乡,鹅湖公园
3188,江西萍乡,武功山
6637,江西萍乡,坛华村
4258,江西贵溪,阳际峰自然保护区
5145,江西赣州,栎木坑
5996,江西赣州,龙南县九连山
2039,江西赣州,潘龙镇
4171,江西赣州,赣州林科所
7284,江西进贤,青岚湖
7283,江西进贤,金溪湖
7285,江西进贤,军山湖
2157,江西遂川,江西遂川
6379,江西都昌,全县
1159,江西铅山,武夷山自然保护区
7530,江西靖安,七溪岭保护区
4131,江西靖安,全县
4048,江西鹰潭,冷水镇
6040,江西鹰潭,龙虎山
1873,江西龙南,九连山
4890,河北丰宁,坝上传奇庄园
6991,河北乐亭,盐场
1596,河北乐亭,祥云林场
2127,河北乐亭,菩提岛（快乐岛）
1630,河北乐亭,京塘港
2775,河北乐亭,沿海
1602,河北乐亭,捞鱼尖
3550,河北保定,竞秀公园
2769,河北保定,满城-龙潭峡谷
5834,河北保定,白洋淀
120,河北兴隆,雾灵山保护区
7561,河北唐山,高庄
1226,河北唐山,古冶
6469,河北唐山,南湖
83,河北唐山,快乐岛
7038,河北唐山,京沈高速唐山段
3971,河北唐海,河北唐海湿地
2777,河北唐海,海防公路
4805,河北围场,木兰围场
1252,河北围场,塞罕坝
949,河北围场,御道口林场
1440,河北崇礼,翠云山万龙
6949,河北平山,平山-温塘
1539,河北平山,平山-马凹
1054,河北廊坊,三河市
3424,河北怀来,官厅水库
1437,河北怀来,永定河峡谷
2150,河北怀来,大海坨
5448,河北承德,承德避暑山庄
1162,河北抚宁,董家口
1072,河北文安,海河大堤
4287,河北昌黎,西沙河乡
2324,河北昌黎,七里海
3978,河北昌黎,滦河口
3980,河北昌黎,碣石山
1913,河北昌黎,黄金海岸
1071,河北永清,柴庄林场
3722,河北沽源,青年湖
2030,河北涞水,野三坡
690,河北滦南,嘴东渔村
7419,河北滦南,南堡北堡
5233,河北滦南,冀东油田人工岛
5388,河北石家庄,京广--石德
6125,河北石家庄,封龙山
4882,河北秦皇岛,鸽子窝西北海滨
4891,河北秦皇岛,海滨国家森林公园
692,河北秦皇岛,新开河鸽子窝滩涂
85,河北秦皇岛,北戴河
4970,河北秦皇岛,人民公园
5631,河北秦皇岛,新开河
5957,河北秦皇岛,山海关石河口
2300,河北蔚县,小五台山
706,河北衡水,衡水湖
5390,河北衡水,石德线
3698,河北遵化,清东陵
4295,河北邢台,达活泉公园
3405,河北邢台,沙河市周庄
274,河北青龙,老岭（祖山）
6815,河北青龙,大石岭
6800,河北黄骅,黄骅港
3530,河北黄骅,大辛堡附近沿海
4307,河北黄骅,南大港湿地
1439,河南三门峡,三门峡水库
1571,河南三门峡,高庙乡
1150,河南三门峡,陕州故城风景区
7155,河南三门峡,陕州公园天鹅湖
1820,河南三门峡,双龙湖
1570,河南三门峡,磁钟乡
2823,河南三门峡,崤山
5675,河南三门峡,王官黄河弯子
4959,河南中牟,狼城岗镇
5294,河南中牟,中牟城郊
4140,河南中牟,雁鸣湖
4950,河南中牟,姚家乡
302,河南信阳,南湾水库
3788,河南信阳,沪陕高速沿线
3453,河南信阳,师河公园
972,河南信阳,鸡公山
5383,河南信阳,京广信阳—驻马店
5434,河南信阳,罗山县董寨
973,河南信阳县,李家寨
5177,河南偃师,李村
4869,河南偃师,伊洛河口
393,河南内乡,宝天曼
3821,河南南召,城关镇
6847,河南卢氏,洛河
2206,河南卢氏,豫西大峡谷
1242,河南卧龙,卧龙岗武候祠
387,河南商丘,黄河故道
6255,河南商城,金刚台保护区
2540,河南商城,鲇鱼山水库
2590,河南商城,达权店
2338,河南商城,铁佛寺水库
6907,河南固始,西九华山
6634,河南固始,湖畔春天小区池塘
2618,河南孟县,斗鸡台
1214,河南孟津,黄河大桥桥头
826,河南孟津,黄河大桥西
1903,河南孟津,扣马北滩
1216,河南孟津,扣马至白鹤黄河岸
5195,河南孟津,小浪底
5804,河南孟津,扣马荷花园景区
4086,河南孟津,白墙水库
5196,河南孟津,小浪底
827,河南孟津,扣马镇黄河附近
1259,河南孟津,黄河湿地保护区
2577,河南安阳,彰武水库
7232,河南安阳,洹河
5387,河南安阳,京广铁路
3026,河南安阳,郊区
2579,河南安阳,洹水公园
2595,河南安阳,殷墟
7443,河南安阳,文峰塔
7231,河南安阳,环城公园
2593,河南安阳,三角湖公园
7245,河南安阳,易园
2578,河南安阳,小南海水库
2580,河南安阳,人民公园
1754,河南宜阳,后河－贠庄
5807,河南宜阳,石门村
2892,河南宜阳,石门，空军仓库
6648,河南宜阳,滨河公园
6631,河南尉氏,南曹乡
4377,河南嵩县,陆浑
4949,河南嵩县,县城
3668,河南嵩县,天池山
5470,河南嵩县,白云山
5622,河南嵩县,全县
5963,河南平顶山,坝上
3784,河南平顶山,石人山
5969,河南平顶山,白龟山水库
2449,河南开封,铁塔公园
2435,河南开封,柳园口湿地
4907,河南开封,黄河南岸梁寨村
3990,河南开封,黄河开封渡口浮桥
2445,河南开封,龙亭区城墙西北角
6647,河南新乡,封丘陈桥镇
391,河南新县,连康山
3351,河南新安,五头镇马头村
1572,河南新安,磁涧镇
2431,河南新安,龙潭峡
920,河南林县,太行大峡谷景区
6848,河南栾川,老君山
6512,河南栾川,重渡沟
3413,河南栾川,龙峪湾
1870,河南永城,芒砀山
7107,河南汝州,汝河
3882,河南汝阳,石龙沟
5932,河南沁阳,神农山
5952,河南沁阳,天鹅湖
2674,河南沁阳,白松岭管理站
5919,河南沁阳,沁河
7193,河南洛宁,上陶峪
1576,河南洛宁,县城洛河大桥
2207,河南洛宁,上戈镇
1574,河南洛宁,赵村乡
673,河南洛宁,陈吴村
2271,河南洛宁,神灵寨风景区
2432,河南洛阳,王城公园
5026,河南洛阳,民俗博物馆
3400,河南洛阳,玻璃厂
803,河南洛阳,洛浦公园
5483,河南洛阳,洛河情人岛
1866,河南洛阳,白马寺
7037,河南洛阳,龙门湿地
1874,河南洛阳,植物园
5700,河南洛阳,李楼乡
1893,河南洛阳,周山森林公园
6248,河南洛阳,龙门森林公园
1225,河南洛阳,龙门石窟
6249,河南洛阳,东山宾馆
1761,河南洛阳,古城乡
5951,河南洛阳,洛阳伊河
5671,河南洛阳,涧西工农乡
1759,河南洛阳,辛店镇
2894,河南洛阳,隋唐遗址植物园
2441,河南洛阳,014中心
6549,河南洛阳,河南科技大学
4292,河南洛阳,邙山森林公园
6203,河南济源,原始森林生态景区
6250,河南济源,小浪底
6202,河南济源,小沟背风景区
6500,河南济源,沁河三合风景区
5384,河南漯河,京广驻马店—漯河
2179,河南潢川,潢川
5415,河南濮阳,河南濮阳
5417,河南濮阳,绿色庄园景区
5416,河南濮阳,濮上园景区
5545,河南濮阳县,金堤河
5447,河南濮阳县,黄河湿地保护区
6502,河南灵宝,鼎湖湾
6846,河南灵宝,小秦岭
1663,河南焦作,沁阳神农山
5830,河南焦作,沁阳白松岭
5929,河南焦作,温县黄河滩
1662,河南焦作,修武县云台山
6511,河南登封,少林寺
5813,河南禹州,鸠山乡大鸿寨
5246,河南禹州,北关橡皮坝
7462,河南罗山,潘新镇祁家村宋畈
94,河南罗山,董寨保护区
2548,河南荥阳,北邙墓地
2624,河南荥阳,北邙
622,河南许昌,灞陵桥公园
5281,河南许昌,周庄水厂
5385,河南许昌,京广漯河—许昌
806,河南许昌,西湖公园
817,河南许昌,清泥河
1573,河南辉县,八里沟景区
2417,河南郑州,巩义市
2418,河南郑州,荥阳县
6669,河南郑州,河南工业大学新区
4989,河南郑州,郑州黄河湿地保护
2549,河南郑州,市区
908,河南郑州,西流湖
6513,河南郑州,黄河风景名胜区
7590,河南郑州,郑东龙湖
573,河南郑州,人民公园
2419,河南郑州,森林公园
5386,河南郑州,京广铁路
5188,河南郑州,黄河花园口景区
2416,河南郑州,水厂沉沙池
7589,河南郑州,邙岭
6547,河南长垣,滩区湿地
2992,河南陕县,甘山森林公园
1569,河南陕县,菜园乡
3787,河南鲁山,石人山
6137,河南鹤壁,淇河湿地公园
5097,浙江三门,江边山
7009,浙江上虞,围垦区
5691,浙江上虞,曹娥江
3205,浙江上虞,中沙岛
7446,浙江上虞,浙江石狮商贸城
2033,浙江东阳,横店影视基地
1454,浙江东阳,东阳江
6779,浙江东阳,东白山
2477,浙江临安,湍口塘溪
4434,浙江临安,新桥乡
638,浙江临安,西天目山
2002,浙江临安,浙林衣锦校区
2003,浙江临安,浙林东湖校区
475,浙江临安,白水涧
682,浙江临安,临安县城
5292,浙江临安,大峡谷镇
7346,浙江临安,东天目山
6797,浙江临安,清凉峰-梅林干
5806,浙江临安,大凉山
2019,浙江临安,玲珑山
4395,浙江临安,钱王陵园
441,浙江临安,昌化镇
2005,浙江临安,清凉峰-千顷塘
5491,浙江临安,藻溪镇
7553,浙江临安,东坑村方家-朱家
2006,浙江临安,清凉峰-龙塘山
6039,浙江临安,太湖源镇神龙川
640,浙江临安,临安-杭州公路边
1074,浙江临安,青山湖水库
439,浙江临安,大明山
6929,浙江临安,金沙湾拓展基地
7328,浙江临安,高虹镇水涛庄水库
4411,浙江临安,锦南街道上甘村
1349,浙江临安,天目石谷
2004,浙江临安,功臣山-锦溪
4401,浙江临安,太阳镇
6928,浙江临安,青山湖街道
442,浙江临安,宝塔山
5490,浙江临安,乐平乡
2024,浙江临安,西径山
5693,浙江临安,清凉峰-十八龙潭
5361,浙江临海,括苍山
268,浙江丽水,白云山林场
3885,浙江丽水,百山祖
6084,浙江丽水,松阳松阴溪
4085,浙江丽水,松阳斋坛
5165,浙江丽水,大港头
5886,浙江丽水,南明山
6096,浙江丽水,丽水碧湖
3303,浙江义乌,义乌江
5186,浙江义乌,商贸城中央公园
5037,浙江义乌,官清畈
5267,浙江义乌,赤岸羊印村
3297,浙江义乌,下付村
5038,浙江义乌,西陈
4443,浙江义乌,仙华山
4904,浙江义乌,岩口水库
6629,浙江义乌,绣湖公园
6630,浙江义乌,雪峰公园
6664,浙江义乌,孝子祠公园
5187,浙江义乌,城西荒地
3325,浙江义乌,黎民水库
5036,浙江义乌,佛堂塔山
4496,浙江义乌,市区
5134,浙江义乌,梅林
2204,浙江乐清,白象
2164,浙江乐清,雁荡山风景名胜区
2235,浙江乐清,柳市
774,浙江仙居,盂溪下游
6853,浙江仙居,括苍山自然保护区
112,浙江仙居,郊区
950,浙江仙居,淡竹乡
1222,浙江仙居,下各镇羊棚头村
759,浙江仙居,南峰山山麓
7294,浙江余姚,芝林
5692,浙江余姚,临山海涂水库
6009,浙江余姚,北部海塘
2767,浙江余姚,梁辉水库
3340,浙江余姚,梅湖水库
661,浙江余姚,大隐
3339,浙江余姚,陆埠水库
2768,浙江余姚,丈亭镇
1633,浙江余姚,四明山
6768,浙江余杭,齐北弓桥
4288,浙江余杭,五常
2811,浙江余杭,良渚文化村
6927,浙江余杭,临平公园
3194,浙江余杭,大雄寺
2982,浙江余杭,南湖
5276,浙江余杭,绿城桃花源
6472,浙江余杭,里山桥-龙庆寺
6989,浙江余杭,黄湖镇
6038,浙江余杭,西溪湿地三期
4442,浙江余杭,径山
5802,浙江余杭,闲林
6979,浙江余杭,山沟沟（太平）
2097,浙江余杭,良渚农场
3195,浙江余杭,七贤水库
6926,浙江余杭,余杭区良渚镇
2760,浙江余杭,北湖草荡
6663,浙江余杭,宝塔山
2137,浙江余杭,仓前
3963,浙江兰溪,诸葛八卦村
6830,浙江台州,九峰山森林公园
5955,浙江台州,上大陈岛
818,浙江台州,下大陈岛
2990,浙江台州,台州列岛
710,浙江台州,椒江区东山公园
5661,浙江台州,秀岭水库
6862,浙江台州,黄琅
5050,浙江台州,三甲-金清海滨
7203,浙江台州,沙埠佛岭水库
5430,浙江台州,黄岩屿头
5049,浙江台州,路桥路南
2042,浙江嘉兴,乌镇
6366,浙江嘉兴,秀洲区油车港镇
3261,浙江嘉兴,桐乡
2630,浙江嘉兴,南湖
5214,浙江嘉兴,秀洲区国庆村
443,浙江嘉善,西塘
816,浙江天台,赤城山
733,浙江天台,国清寺
6171,浙江奉化,溪口镇
6172,浙江奉化,滕头村
891,浙江宁波,北仑九峰山
6415,浙江宁波,诺丁汉大学
6802,浙江宁波,东钱湖
5059,浙江宁波,江北绿岛公园
5088,浙江宁波,海曙.白云公园
571,浙江宁波,北仑三山乡
3902,浙江宁波,下应街道
6438,浙江宁波,镇海-慈溪 海塘
3844,浙江宁波,韭山保护区
1920,浙江宁波,月湖公园
7336,浙江宁波,丹凤社区
1963,浙江宁波,宁大
7003,浙江宁波,白峰镇
7310,浙江宁波,天胜农牧农场
5150,浙江宁波,江北荪湖
1231,浙江宁海,南溪温泉
6441,浙江宁海,强蛟诸岛
4493,浙江安吉,天荒坪
2390,浙江安吉,上墅乡
497,浙江安吉,灵峰山
3320,浙江安吉,藏龙百瀑景区
4323,浙江安吉,百草园
3215,浙江安吉,中国大竹海
3757,浙江安吉,龙王山
2391,浙江安吉,禹山湖
2310,浙江富阳,安顶山C1
6746,浙江富阳,东坞山村
1643,浙江富阳,中村连队
1308,浙江富阳,全市
2306,浙江富阳,里山国庆村峡谷
2309,浙江富阳,东洲南故堤A2
5737,浙江富阳,东沙岛
5798,浙江富阳,杭新景高速富阳段
2531,浙江富阳,阳陂湖
2187,浙江富阳,水坞山庄
6554,浙江富阳,富阳野生动物世界
3476,浙江富阳,新登桃源
2307,浙江富阳,东洲南大堤A1
3475,浙江富阳,富春江
5478,浙江富阳,龙门山
1319,浙江岱山,长涂列岛
3567,浙江岱山,衢山岛
3470,浙江嵊泗,小洋山
1238,浙江嵊泗,泗礁
327,浙江常山,白石镇
7099,浙江常山,同弓乡
786,浙江常山,国家地质公园
6605,浙江平湖,陈匠村
2631,浙江平湖,东湖广场
1092,浙江平湖,九龙山
6801,浙江庆元,庆元县城
974,浙江建德,梅城
5797,浙江建德,杭新景高速建德段
3962,浙江建德,新安江
7125,浙江建德,国贸猪场
5863,浙江开化,县城
7600,浙江开化,钱江源国家森林公
6872,浙江开化,杨家自然村
6873,浙江开化,富户村
6871,浙江开化,平坑村-洪源村
6875,浙江开化,高坑村
5564,浙江开化,芹江三桥附近
40,浙江开化,古田山自然保护区
5917,浙江德清,春晖公园
2772,浙江德清,防风山下渚湖
2758,浙江德清,对河口水库
71,浙江德清,莫干山
1451,浙江德清,下渚湖
6601,浙江慈溪,桥头镇
3211,浙江慈溪,四灶浦水库
6431,浙江慈溪,东海塘
5362,浙江慈溪,达蓬山
5759,浙江慈溪,龙山
4500,浙江慈溪,杜湖水库
3553,浙江慈溪,杭州湾湿地
7621,浙江新昌,小将镇
1041,浙江景宁,望东洋高山湿地
6334,浙江景宁,家地乡
1040,浙江景宁,鹤溪
6068,浙江杭州,东河两岸
6523,浙江杭州,北山路镜湖厅
1183,浙江杭州,三墩
1188,浙江杭州,九溪珊瑚沙
1608,浙江杭州,柳浪闻莺
2155,浙江杭州,青芝坞将军山浙大
4478,浙江杭州,黄龙体育中心
428,浙江杭州,植物园
887,浙江杭州,凤凰山
5368,浙江杭州,中村
7143,浙江杭州,萧山滨江路
758,浙江杭州,葛岭
6207,浙江杭州,双浦
7093,浙江杭州,西溪谷游步道
2388,浙江杭州,浙大华家池校区
6958,浙江杭州,白马湖
1455,浙江杭州,灵隐飞来峰
5776,浙江杭州,丰潭路
2521,浙江杭州,孤山
5828,浙江杭州,北湖
2632,浙江杭州,云居山凤凰山
111,浙江杭州,九溪十八涧
5092,浙江杭州,浙大附中
6148,浙江杭州,美人峰至九曲岭
2911,浙江杭州,九溪满觉陇
1491,浙江杭州,茅家埠
5618,浙江杭州,朝晖路
5498,浙江杭州,中天竺
6701,浙江杭州,杨家桥
427,浙江杭州,西湖
4035,浙江杭州,湘湖
916,浙江杭州,心安山泥池八卦田
6178,浙江杭州,朝晖
5178,浙江杭州,钱江新城
1434,浙江杭州,大清谷
5079,浙江杭州,宝石山葛岭
7359,浙江杭州,浙林东湖校区
6424,浙江杭州,城西森林公园
6315,浙江杭州,白乐桥
6943,浙江杭州,大坞盆地
5794,浙江杭州,天竺山
5542,浙江杭州,宝石山孤山植物园
2510,浙江杭州,长桥
4257,浙江杭州,浙大玉泉校区
474,浙江杭州,午潮山森林公园
6820,浙江杭州,教工路
5738,浙江杭州,钱塘江一桥南岸
5777,浙江杭州,武林广场
6769,浙江杭州,保俶路
2302,浙江杭州,乌龟潭
5377,浙江杭州,杭州
4081,浙江杭州,吴山云居山
2078,浙江杭州,玉皇山慈云岭吴山
792,浙江杭州,凤起路花鸟城
3928,浙江杭州,闸弄口新村
938,浙江杭州,太子湾公园
7305,浙江杭州,西湖区
2530,浙江杭州,杭州动物园
555,浙江杭州,吴山
7304,浙江杭州,龙坞
6770,浙江杭州,龙井
6842,浙江杭州,滨文路江晖路口
6890,浙江杭州,桐坞村
772,浙江杭州,省委党校
1957,浙江杭州,浙大西溪校区
4225,浙江杭州,九溪烟树
446,浙江杭州,沪杭高速公路
1965,浙江杭州,梅灵路
2443,浙江杭州,金沙港
7229,浙江杭州,南湖（三台山路）
3654,浙江杭州,五常湿地
6208,浙江杭州,小和山
1324,浙江杭州,宝石山
7235,浙江杭州,拱墅
7039,浙江杭州,府苑新村
6773,浙江杭州,东穆坞
5713,浙江杭州,西湖风景区
915,浙江杭州,市区
909,浙江杭州,慈云岭玉皇山
1169,浙江杭州,如意尖
5946,浙江杭州,将军山
2815,浙江杭州,花圃
1585,浙江杭州,下沙
1094,浙江杭州,半山
4879,浙江杭州,梅家坞
6167,浙江杭州,浙大之江校区
577,浙江杭州,江滨
5473,浙江杭州,北高峰
1005,浙江杭州,珊瑚沙水库
6005,浙江杭州,西湖文化广场
3332,浙江杭州,苏堤
2425,浙江杭州,浙江教育学院
2080,浙江杭州,滨江区
6886,浙江杭州,方山
3285,浙江杭州,良渚文化村
2448,浙江杭州,西溪
6226,浙江杭州,德胜小区
4112,浙江杭州,朝晖一区
842,浙江杭州,孤山曲苑植物园
1332,浙江杭州,云居山万松岭
1338,浙江杭州,青芝坞美女山灵峰
863,浙江杭州,曲院风荷
6166,浙江杭州,打铁关
607,浙江杭州,浙大紫金港校区
930,浙江杭州,吴山慈云岭八卦田
7228,浙江杭州,虎跑
1062,浙江杭州,将台山玉皇山泥池
5985,浙江杭州,老和山至美人峰
505,浙江杭州,蒋村西溪
771,浙江杭州,月轮山
6133,浙江杭州,江洋畈生态公园
1279,浙江杭州,九溪龙井
6771,浙江杭州,中国茶叶博物馆
6763,浙江松阳,箬寮原始林
6772,浙江松阳,西屏山公园
7401,浙江松阳,松阴溪
990,浙江桐庐,白云源
1309,浙江桐庐,高翔乡
6506,浙江桐庐,瑤琳鎮
3607,浙江桐庐,巴比松庄园
6098,浙江桐庐,歌舞乡
1609,浙江椒江,前所镇
732,浙江椒江,椒江农场
1180,浙江椒江,白云山
1348,浙江椒江,太和山
1061,浙江椒江,东山公园
877,浙江武义,俞源古村落
878,浙江武义,清风寨景区
3149,浙江武义,崆峒山
2609,浙江武义,清水湾郭洞
7521,浙江武义,牛头山森林公园
855,浙江武义,城区火车站周边
556,浙江永嘉,岩头镇
592,浙江永嘉,城关附近卢湾村
675,浙江永嘉,龙桥镇
1104,浙江永嘉,大若岩景区
3078,浙江永康,太平水库
586,浙江江山,城关江滨
656,浙江江山,二十八都古镇
1506,浙江江山,老虎山
711,浙江江山,江郎山景区
7251,浙江江山,何家山下南塘
36,浙江江山,市区城北乌木山大
5147,浙江江山,何家山近西山
1381,浙江泰顺,乌岩岭
721,浙江洞头,大门岛马岙潭沙滩
720,浙江洞头,洞头岛
5455,浙江洞头,洞头鸟岛
2607,浙江浦江,仙华山
662,浙江海宁,西山公园
2295,浙江海宁,钱塘江北岸大堤
1673,浙江海宁,东西湖
5944,浙江海盐,东郊
5943,浙江海盐,长山闸
1025,浙江海盐,南北湖
5945,浙江海盐,白塔山三岛
6555,浙江淳安,瑶琳镇
6852,浙江淳安,临岐镇
691,浙江淳安,千岛湖
7413,浙江淳安,淳开线
6626,浙江温岭,石塘镇
1224,浙江温州,泰顺
2048,浙江温州,永强东海堤坝
6892,浙江温州,西门岛
879,浙江温州,泽雅
3403,浙江温州,永强海滨
1146,浙江温州,景山公园
883,浙江温州,市区华盖山
1147,浙江温州,潘桥镇陈庄
620,浙江温州,新博物馆
39,浙江温州,三垟湿地保护区
623,浙江温州,瑶溪风景区
2076,浙江温州,江滨东路会展中心
306,浙江温州,仙岩风景区
854,浙江温州,龙湾区上江
301,浙江温州,九山公园
795,浙江温州,茶山镇
1050,浙江温州,灵昆岛
882,浙江温州,永强镇三甲
5895,浙江温州,灵霓大堤
2047,浙江温州,仰义水库
881,浙江温州,藤桥镇
766,浙江温州,潘桥镇岷岗村
5414,浙江湖州,湖州客运总站附近
2626,浙江湖州,莲花庄公园
2628,浙江湖州,南浔小莲庄
6807,浙江玉环,大鹿山岛
7029,浙江玉环,漩门湾湿地公园
785,浙江玉环,海山乡
7437,浙江玉环,龙溪乡
565,浙江瑞安,马屿镇
1452,浙江磐安,大盘山自然保护区
1960,浙江绍兴,兰亭
1375,浙江绍兴,西白山
6915,浙江绍兴,镜湖国家湿地公园
660,浙江绍兴,市区
2684,浙江绍兴,柯岩鲁镇
1347,浙江绍兴,嵊州长乐镇
1834,浙江绍兴,大湖岭
1832,浙江绍兴,崇仁瞻山
2608,浙江缙云,仙都山
751,浙江舟山,桃花岛
108,浙江舟山,普陀山
5392,浙江舟山,金塘岛
6253,浙江舟山,东极岛
2094,浙江舟山,舟山岛
5374,浙江舟山,里钓山岛
5375,浙江舟山,册子岛
7022,浙江舟山,半升洞码头
5393,浙江舟山,大鹏岛
5373,浙江舟山,朱家尖
5268,浙江舟山,舟山列岛
2083,浙江苍南,龙港海滩
2994,浙江萧山,顺坝村
4043,浙江萧山,北山公园
1747,浙江萧山,西兴村
1964,浙江萧山,围垦区
1703,浙江萧山,湘湖
7613,浙江衢州,衢州二中
6720,浙江衢州,石梁镇
1212,浙江衢州,烂柯山
2034,浙江诸暨,五泄风景名胜区
1321,浙江象山,韭山列岛
2222,浙江象山,石浦
6161,浙江象山,象山港路
3599,浙江象山,渔山岛
1233,浙江象山,檀头山岛
6822,浙江象山,东门岛
4347,浙江遂昌,南尖岩
2762,浙江遂昌,九龙山自然保护区
5261,浙江遂昌,神龙谷
5266,浙江遂昌,县城
2268,浙江遂昌,白马山森林公园
5676,浙江鄞县,横街藤岭
2781,浙江鄞县,横山港
2093,浙江鄞县,三溪浦水库
398,浙江鄞县,梁祝公园
48,浙江鄞县,云龙镇
2110,浙江鄞县,天童山
659,浙江鄞县,横溪镇金峨村
6196,浙江鄞县,厦庄
399,浙江鄞县,东钱湖
6403,浙江金华,傅村洪塘畈
362,浙江金华,双龙洞横店影视城
4962,浙江金华,市区
47,浙江镇海,郊外
3162,浙江镇海,岚山水库
3165,浙江镇海,民联村
574,浙江镇海,后海塘
3166,浙江镇海,光明生态园
3167,浙江镇海,勤勇村
3163,浙江镇海,炼油厂门口苗圃
456,浙江镇海,镇北涂
3170,浙江镇海,海天林带
43,浙江镇海,城关
359,浙江镇海,全区
3168,浙江镇海,开发区
3169,浙江镇海,中一村
3164,浙江镇海,兴丰村公园（待）
2627,浙江长兴,新行政中心
1885,浙江长兴,五通山
4380,浙江长兴,樱桃园
1884,浙江长兴,江排
5046,浙江黄岩,北洋镇横料
6827,浙江黄岩,长潭湖风景区
7174,浙江黄岩,长潭湖瑞岩溪湿地
6796,浙江黄岩,九峰山森林公园
959,浙江龙泉,凤阳山保护区
6021,海南万宁,石梅湾
1459,海南万宁,兴隆
5914,海南三亚,大东海
6434,海南三亚,西岛
5472,海南三亚,蜈支洲岛
2561,海南三亚,青梅港保护区
4060,海南三亚,藤桥镇
1460,海南三亚,南山
6425,海南三亚,榆林港红树林
6436,海南三亚,三亚君澜度假酒店
5006,海南三亚,凤凰机场周边
5369,海南三亚,鹿回头山顶公园
2562,海南三亚,三亚河保护区
918,海南三亚,三亚
1273,海南三亚,铁炉港
7434,海南三亚,三沙市西沙群岛
7301,海南三亚,海棠湾
7303,海南三亚,蝴蝶谷
1995,海南东方,八所镇
1684,海南东方,大田保护区
1122,海南东方,四更镇四必湾
1123,海南临高,新盈后水湾
5659,海南乐东,尖峰镇热林所
1059,海南乐东,佳西自然保护区
3116,海南乐东,莺歌海盐场
1230,海南乐东,尖峰岭保护区
6113,海南儋州,城北新区建筑工地
6114,海南儋州,松涛水库番加大坝
5642,海南儋州,海南热带植物园
5537,海南安定,定安塔岭工业区
6067,海南安定,南丽湖
2543,海南屯昌,中坤农场临江队
890,海南屯昌,坝王岭
4032,海南文昌,西沙永兴
6065,海南文昌,会文边海
1939,海南文昌,清澜港红树保护区
1688,海南文昌,名人山庄
1271,海南昌江,霸王岭
7053,海南昌江,海尾湿地公园
4164,海南洋浦,洋浦港
1274,海南海口,人民公园
4021,海南海口,东寨港周边地区
657,海南海口,演丰地区
7179,海南海口,下塘村湿地
3937,海南海口,琼州海峡
5070,海南海口,琼山大坡镇
6168,海南海口,海南大学海甸校区
1249,海南海口,万绿园
5814,海南海口,美丽沙
7159,海南海口,羊山地区
4214,海南海口,火车站湿地
888,海南海口,东寨港
1283,海南海口,金牛岭公园
1106,海南海口,海南师范大学
1107,海南海口,新埠岛
1268,海南琼中,湾岭镇古月山庄
5909,海南琼中,鹦哥嘴
1391,海南琼中,鹦哥岭青介
1266,海南琼中,湾岭
5921,海南琼海,潭门港
1458,海南琼海,白石岭
4165,海南琼海,官塘
5469,海南琼海,万泉河
4900,海南白沙,鹦哥岭保护区
5149,海南白沙,道银
3713,海南陵水,吊罗山森林公园
6066,海南陵水,新村港
4896,湖北丹江口,牛河森林公园
3997,湖北丹江口,丹江口水库
3727,湖北丹江口,官山镇
1499,湖北云梦,316国道
6951,湖北五峰,五峰镇
6978,湖北五峰,傅家堰乡
5791,湖北五峰,后河自然保护区
3975,湖北五峰,柴埠溪
5815,湖北京山,永隆镇
2135,湖北京山,途中
2340,湖北京山,虎爪山
5928,湖北京山,文峰公园
3077,湖北京山,八里途林场
6290,湖北京山,八字门水库
1433,湖北京山,三阳镇
3076,湖北京山,杨集镇
1151,湖北京山,大洪山
6185,湖北京山,绿林镇
5080,湖北保康,清溪河
5432,湖北保康,官山林场
319,湖北兴山,中科院定位站
1501,湖北兴山,209国道
7587,湖北兴山,龙门河林场
2904,湖北利川,福宝山
6468,湖北利川,腾龙洞
7520,湖北利川,星斗山
4820,湖北十堰,龙潭湾
7243,湖北十堰,朝阳中路
5979,湖北十堰,三堰擂鼓台
5775,湖北十堰,艳湖公园
6811,湖北十堰,大川
4818,湖北十堰,牛头山
4894,湖北十堰,紫薇岛
4834,湖北十堰,四方山
5351,湖北十堰,赛武当
5444,湖北十堰,沧浪山
4832,湖北十堰,白洋坪
6810,湖北十堰,雅阁酒店后山
5760,湖北十堰,水帘洞
5418,湖北十堰,白马山
1500,湖北十堰,武当山
5081,湖北十堰,丹江口坝下
4817,湖北十堰,马家河
4420,湖北南漳,肖堰
5335,湖北南漳,三道河水库
1126,湖北咸宁,星星竹海
1119,湖北咸宁,十六潭公园
6522,湖北咸宁,赤壁陆水湖
1153,湖北咸宁,通山
4126,湖北咸宁,向阳湖镇
2176,湖北咸宁,通山九宫山
1140,湖北咸宁,咸宁教育学院
5666,湖北咸宁,温泉潜山森林公园
1118,湖北咸宁,肖桥镇
4007,湖北咸宁,贺胜桥
5644,湖北咸宁,斧头湖
1125,湖北咸宁,市内
4419,湖北咸宁,咸安白云山
5643,湖北咸宁,西梁湖
5645,湖北大冶,保安湖
5062,湖北大冶,大冶湖
5290,湖北大冶,刘仁八镇马桥坳
3829,湖北大悟,三里城镇
1163,湖北大悟,河口镇
1164,湖北大悟,仙居顶林场
6037,湖北大悟,宣化
5346,湖北大悟,城关镇
5670,湖北天门,城区及周边各镇
5789,湖北天门,渔薪镇
3700,湖北孝感,孝感高中后面苗圃
5938,湖北孝感,白水湖
5382,湖北孝感,京广武汉--信阳
1872,湖北孝感,孝感学院
3115,湖北孝感,双峰山
6382,湖北孝感,府河石头埠
4961,湖北孝感,野猪湖
4468,湖北孝感,观音湖
4018,湖北安陆,金泉禅寺
4013,湖北安陆,白兆山
4010,湖北安陆,解放山
4011,湖北安陆,王义贞
4015,湖北安陆,府河
5569,湖北宜昌,夷陵
2591,湖北宜昌,后河国家级自然保
2592,湖北宜昌,宜昌五峰县茅坪村
3307,湖北宜昌,夷陵.小溪塔
1360,湖北宜昌,三峡大坝中堡岛
5570,湖北宜昌,秭归
4084,湖北宜昌,植物园
6087,湖北宜昌,三峡截流纪念园
4461,湖北宜昌,三游洞
1320,湖北宜昌,大老岭林场
1115,湖北宜昌,葛洲坝
3517,湖北宜昌,三峡大学
3650,湖北宜昌,点军.车溪
5913,湖北宜昌,宜昌东站
3820,湖北宜昌,邓村乡
5890,湖北广水,火车站
2209,湖北广水,大贵寺森林公园
1341,湖北广水,中华山国森林公园
5433,湖北广水,小河
5603,湖北建始,花坪大石板
6461,湖北建始,红土坪
6444,湖北建始,穿洞子林场
6462,湖北建始,高岩子林场
3689,湖北当阳,玉泉寺
5588,湖北恩施,湖北民族学院
1833,湖北恩施,巴东县水布垭电站
5367,湖北恩施,咸丰坪坝营
1498,湖北恩施,穿洞子林场
2640,湖北恩施,沐抚
5366,湖北恩施,恩施大峡谷
7441,湖北恩施,建始县烟墩大道附
5365,湖北恩施,恩施市
3726,湖北房县,西河公园
3725,湖北房县,桥上乡
6707,湖北松滋,洈水国家森林公园
5329,湖北武昌,华中科技大学文华
7619,湖北武昌,东湖梨园
1619,湖北武昌,湖北教育学院流芳
6292,湖北武昌,武汉纺织大学阳光
3991,湖北武昌,马鞍山森林公园
6210,湖北武昌,各高校
6451,湖北武昌,山坡
1158,湖北武昌,南湖
5203,湖北武昌,华中师范大学南湖
5326,湖北武昌,华中师范大学
5463,湖北武昌,华中农业大学
2778,湖北武昌,严冬湖
7607,湖北武昌,僵鱼塘
3950,湖北武昌,紫阳湖公园
3216,湖北武昌,武汉植物园
5772,湖北武昌,汉口学院（江夏）
6281,湖北武昌,武汉大学
6910,湖北武昌,武汉理工大南湖区
5729,湖北武昌,武汉科大黄家湖区
6913,湖北武昌,武汉理工大西区
5244,湖北武昌县,保福乡高峰村
3137,湖北武汉,华中师范大学南湖
3984,湖北武汉,江夏八分山
5492,湖北武汉,理工大南湖校区
7439,湖北武汉,新洲道观河沙河
5980,湖北武汉,东湖樱园
831,湖北武汉,理工大学余家头校
66,湖北武汉,华中科技大学
1120,湖北武汉,郑店
829,湖北武汉,武汉市园林研究院
7433,湖北武汉,东湖落雁景区
5327,湖北武汉,武汉工程大学流芳
5619,湖北武汉,东湖梅园
123,湖北武汉,沉湖
3850,湖北武汉,江夏区北嘴梁子湖
418,湖北武汉,马鞍山森林公园
2715,湖北武汉,华中师范大学
3483,湖北武汉,汤湖公园
5336,湖北武汉,江夏龙泉蓝天山庄
4966,湖北武汉,汉口江滩
101,湖北武汉,东湖
5611,湖北武汉,小洪山中科院
5600,湖北武汉,团山
7567,湖北武汉,首义公园
1865,湖北武汉,汉水公园
4990,湖北武汉,东西湖府河堤
6289,湖北武汉,武汉纺织大学阳光
2773,湖北武汉,中国地质大学
2101,湖北武汉,梨园广场
432,湖北武汉,中南财经政法大学
2581,湖北武汉,洪山区严东湖
27,湖北武汉,解放公园
6134,湖北武汉,杨桥湖
6267,湖北武汉,黄陂锦里沟
2731,湖北武汉,严西湖
4952,湖北武汉,中科院地测所
2575,湖北武汉,铁机厂藕塘
3643,湖北武汉,江夏大学城周边
3594,湖北武汉,江汉大学
1867,湖北武汉,九峰山森林公园
3193,湖北武汉,金银湖
3958,湖北武汉,素山寺森林公园
621,湖北武汉,江夏区凤凰山
1423,湖北武汉,潭湖
3136,湖北武汉,水生所
5280,湖北武汉,竹叶海公园
1883,湖北武汉,新洲涨渡湖
3823,湖北武汉,豹澥八叠山
3472,湖北武汉,东西湖柏泉
67,湖北武汉,植物园
142,湖北武汉,梅岭
34,湖北武汉,武汉大学
1117,湖北武汉,黄陂武湖
5138,湖北武汉,东西湖金银潭
4281,湖北武汉,农科院
7612,湖北武汉,常青花园
1276,湖北武汉,武钢北湖农场
4845,湖北武汉,华大家园北面鱼塘
5245,湖北武汉,盘龙城
5234,湖北武汉,汤逊湖北路
4075,湖北武汉,黄家湖大学城
1121,湖北武汉,南湖
777,湖北武汉,华中农业大学
1138,湖北武汉,新洲县将军山
4074,湖北武汉,江夏上涉湖
5578,湖北武汉,青菱湖
5912,湖北武汉,岳家嘴
6668,湖北武汉,武昌欧林湾小区
1340,湖北武汉,青山倒口湖
5796,湖北武汉,武昌江滩
7275,湖北武汉,黄陂建安小学
26,湖北武汉,城区
5702,湖北武汉,天兴洲
7617,湖北武汉,金地国际花园
828,湖北武汉,和平公园
5113,湖北武汉,南岸嘴
830,湖北武汉,青山公园
3504,湖北武汉,洪山区武惠堤
5987,湖北武汉,僵鱼塘
3660,湖北武汉,江夏杨桥湖
6450,湖北武汉,阳逻
5066,湖北武汉,月湖
2801,湖北武汉,磨山景区
3157,湖北武汉,汉南五湖
3993,湖北武汉,草湖
5457,湖北武汉,四美塘公园
6850,湖北武汉,江夏区山坡镇
4994,湖北武汉,黄陂黄花涝
2687,湖北武汉,东湖梨园
1816,湖北武汉,新洲区接天山
5075,湖北武汉,黄鹤楼
3473,湖北武汉,武汉动物园
3544,湖北武汉,金口
3091,湖北武汉,喻家山
5024,湖北武汉,严东湖
6423,湖北武汉,东湖茶场
5610,湖北武汉,后湖
3622,湖北武汉,湖北大学
3691,湖北武汉,龟山
5032,湖北武汉,野芷湖
2383,湖北武汉,汉阳沌口后官湖
6893,湖北武汉,江夏区吴泗梁子湖
5312,湖北武汉,洪山公园
4831,湖北武汉,武大科技园
4462,湖北武汉,古琴台
3974,湖北武汉,汤逊湖
6719,湖北武汉,黄陂横店归元陵园
63,湖北武汉,关山
5216,湖北武汉,阳逻邱栗村
3457,湖北武汉,沙湖
6198,湖北武汉,千亩塘
5805,湖北武汉,九女墩
7487,湖北武汉,环保绿化培训基地
5201,湖北武汉,石门峰
2412,湖北武汉,动物园
583,湖北武汉,武昌区南湖
5984,湖北武穴,大金镇
6095,湖北沙市,文湖公园
7342,湖北洪湖,悦兮半岛温泉
2413,湖北洪湖,洪湖市烈士陵园
1361,湖北洪湖,洪湖保护区
3756,湖北洪湖,白庙
5499,湖北浠水,团陂
5034,湖北浠水,巴河
5204,湖北潜江,运粮湖
5894,湖北潜江,广华
7384,湖北潜江,积玉口镇借粮湖
3690,湖北潜江,潜江
7477,湖北潜江,曹禺公园
7482,湖北潜江,森林公园
7164,湖北潜江,高石碑
5915,湖北潜江,浩口镇
4486,湖北监利,西王堤
1362,湖北石首,天鹅洲
5747,湖北石首,三义寺汽渡-江北
3830,湖北神农架,半山酒店
2765,湖北神农架,红坪
1114,湖北神农架,大草坪
1108,湖北神农架,刘家屋场
2728,湖北神农架,阳日湾
5847,湖北神农架,金猴岭
7057,湖北神农架,官门山
3019,湖北神农架,松柏镇
1111,湖北神农架,青天袍
7395,湖北神农架,红花坪
1112,湖北神农架,黄宝坪
6361,湖北神农架,龙降坪
2791,湖北神农架,木鱼镇
1113,湖北神农架,大九湖
1109,湖北神农架,神农架自然保护区
2239,湖北神农架,神农架林区
2727,湖北神农架,宋洛乡
6358,湖北神农架,神农顶
5348,湖北红安,七里坪
4031,湖北红安,李家大屋
5262,湖北罗田,胜利镇李家坳村
6764,湖北罗田,天堂寨
3942,湖北罗田,九资河圣人堂
5103,湖北老河口,王甫洲水利枢钮
6449,湖北老河口,百花山
2764,湖北英山,桃花冲
5033,湖北英山,杨柳
6247,湖北荆沙,沙市三板桥
6146,湖北荆沙,小北门外红砖渔场
4479,湖北荆沙,八岭山
5897,湖北荆沙,古城墙
6309,湖北荆沙,马山镇联山村
371,湖北荆沙,三国公园
6240,湖北荆沙,弥市镇中洲子渔场
6730,湖北荆沙,沙市城区
4933,湖北荆沙,长江大学西校区
6197,湖北荆沙,沙市区政府大院
6337,湖北荆沙,长湖湿地保护区
6101,湖北荆沙,沙市中山公园
4881,湖北荆沙,荆江大堤
7352,湖北荆沙,公安县崇湖
7323,湖北荆沙,观音垱镇新阳村
6262,湖北荆沙,川店画家村
5811,湖北荆门,京山县三阳镇
7191,湖北荆门,沙洋县
3929,湖北荆门,漳河水库
5071,湖北荆门,钟祥市胡集镇
6818,湖北荆门,荆门纪山镇
7393,湖北荆门,东宝区仙居乡
5068,湖北荆门,钟祥市仙居镇
5756,湖北荆门,漳河镇
5647,湖北荆门,沙洋县长湖
107,湖北荆门,市郊
3919,湖北蒲圻,蒲纺桃花坪
5293,湖北蒲圻,赤壁古战场
317,湖北蒲圻,陆水水库
4034,湖北蕲春,蕲州
3625,湖北襄樊,保康官山林场
4372,湖北襄樊,保康清溪河
5636,湖北襄樊,鱼梁洲经济开发区
5640,湖北襄樊,隆中植物园
5334,湖北襄樊,黄家湾景区
5637,湖北襄樊,团山镇
5710,湖北襄阳,月亮湾公园
6803,湖北谷城,城关镇
7046,湖北谷城,薤山国家森林公园
5682,湖北通城,麦市村
4588,湖北通山,九宫山
6799,湖北郧县,虎啸滩景区
4895,湖北郧县,杨溪铺镇
6465,湖北鄂州,五四湖
3716,湖北鄂州,严家湖
7087,湖北鄂州,白雉山林场
2348,湖北鄂州,梁子湖（岛）
4418,湖北钟祥,客店
6241,湖北钟祥,大口国家森林公园
2750,湖北长阳,清江
5114,湖北长阳,贺家坪
928,湖北长阳,兰草谷
5061,湖北阳新,网湖
3706,湖北随州,广水小河
4872,湖北随州,封江口水库
3685,湖北随州,望城楼
3849,湖北随州,大洪山渡假村
5790,湖北随州,厥水河
6866,湖北随州,漂水河
6876,湖北随州,随县高城镇三清观
2125,湖北麻城,麻城火车站
4111,湖北黄冈,举水河长江入口
5453,湖北黄州,南湖
1277,湖北黄梅,龙感湖
3288,湖北黄梅,小池
4942,湖北黄梅,垅坪水库
4983,湖北黄梅,五祖寺
3456,湖北黄梅,西山
4368,湖北黄石,团城山公园
2511,湖北黄石,网湖自然保护区
3451,湖北黄石,磁湖山庄
5269,湖北黄石,东方山
5920,湖北黄陂,马家湖
5240,湖北黄陂,滠水河
5379,湖北黄陂,六指
3621,湖北黄陂,盘龙城
4906,湖北黄陂,长轩岭镇
6025,湖北黄陂,祁家湾
6787,湖北黄陂,蔡店
5926,湖北黄陂,童家湖堤
5020,湖北黄陂,甘露山
2057,湖北黄陂,木兰古门山
3704,湖北黄陂,蔡榨
1026,湖南临武,城郊
1024,湖南临武,西山林场桃源坪
1889,湖南凤凰,凤凰镇
1088,湖南凤凰,南华山
1087,湖南凤凰,林丰乡
1256,湖南华容,团洲外滩
7508,湖南双峰,荷叶塘
861,湖南吉首,市区花果山
1086,湖南吉首,德夯
6205,湖南娄底,七星镇红旗村
2542,湖南宁乡,花明楼
6335,湖南宁乡,灰汤温泉
6905,湖南宁乡,煤炭坝菖丝村
667,湖南宜章,莽山自然保护区
618,湖南岳阳,南湖三眼桥钓鱼休
308,湖南岳阳,四化建技校
4833,湖南岳阳,龙山
1255,湖南岳阳,红旗湖
478,湖南岳阳,九华山
16,湖南岳阳,东洞庭
463,湖南岳阳,火车南站
562,湖南岳阳,南湖公园
5016,湖南岳阳,君山区幸福农庄
511,湖南岳阳,七里山大堤
639,湖南岳阳,奇家咀大堤
1997,湖南岳阳,东洞庭湖电排站
461,湖南岳阳,师范学院
609,湖南岳阳,望湖游园
530,湖南岳阳,金鹗山
468,湖南岳阳,九华山一号
1996,湖南岳阳,行政学院
14,湖南岳阳,采桑湖
304,湖南岳阳,小西湖
465,湖南岳阳,金桥花园
326,湖南岳阳,游乐场
1257,湖南岳阳,青山垸
464,湖南岳阳,龙头嘴公墓
460,湖南岳阳,老干宾馆
852,湖南岳阳,采桑湖镇水产村
150,湖南岳阳,君山
509,湖南岳阳,洞庭湖岳阳楼公园
6145,湖南岳阳县,筻口镇九峰村
6534,湖南常德,市区
6347,湖南常德,壶瓶山保护区
6091,湖南常德,贺家山农场
6535,湖南常德,滨湖公园
4245,湖南常德,花岩溪
3522,湖南张家界,尹家溪
5205,湖南张家界,慈利县零阳镇
602,湖南张家界,武陵源
601,湖南张家界,国家森林公园
7001,湖南张家界,桑植县八大公山
394,湖南怀化,迎丰公园到农业局
6528,湖南怀化,怀化学院西校区
1943,湖南攸县,城关镇灵龟寺
4816,湖南望城,苏廖村
718,湖南望城,湘江沿岸
370,湖南株洲,中南林学院及周边
6975,湖南株洲,石峰公园
7509,湖南株洲县,渌口梅子湖
992,湖南桂东,八面山自然保护区
5530,湖南桃江,虎形水库
5193,湖南桃江,三堂街虎形村
401,湖南武岗,云山自然保护区
7454,湖南永州,江华 浊水塘
687,湖南永顺,王村镇
5249,湖南汉寿,西洞庭湖
707,湖南汨罗,屈子公园
7523,湖南汨罗,汨罗
698,湖南汨罗,汨罗江
1363,湖南沅江,西畔山洲垸
5133,湖南沅陵,虎溪山麓
7278,湖南洞口,高仓村
5658,湖南津市,涔澹农场
1891,湖南洪江,高椅
229,湖南浏阳,大围山
7491,湖南湘乡,东郊乡
7478,湖南湘乡,碧洲公园
7480,湖南湘乡,东台山森林公园
7500,湖南湘乡,涟水河畔
595,湖南湘潭,大同世界花苑
597,湖南湘潭,雨湖
619,湖南湘潭,昭山风景区
5892,湖南湘潭,易俗河金霞风景区
5477,湖南湘潭,岳塘区板塘铺
7610,湖南湘潭,响潭乡仙女风景区
7540,湖南湘阴,东湖鱼塘
5048,湖南湘阴,湘江两岸
699,湖南湘阴,鹤龙湖渔场管区
4796,湖南湘阴,燎原水库
709,湖南湘阴,滨江大道湘江渡口
1890,湖南湘阴,白马
704,湖南湘阴,湘阴宾馆
378,湖南溆浦,小横垅
5725,湖南益阳,兰溪
7129,湖南益阳,烂泥湖
232,湖南石门,壶瓶山
3645,湖南石门,双桥村
7268,湖南祁阳,湖南祁阳
6195,湖南耒阳,遥田
6093,湖南衡南,江口鸟洲
3117,湖南衡山,衡山
7267,湖南衡阳,平湖公园
5539,湖南衡阳,南华大学
7519,湖南衡阳,湖南工学院
7266,湖南衡阳,生态公园
5686,湖南通道,侗文化长廊
1167,湖南郴州,莽山
6976,湖南醴陵,泗汾陈家垅村
3023,湖南长沙,火车站
5888,湖南长沙,同升湖
254,湖南长沙,烈士公园
2709,湖南长沙,湖南师大附中
6128,湖南长沙,桃子湖
4317,湖南长沙,中南林业科技大学
5836,湖南长沙,大泽湖
5599,湖南长沙,湘江风光带
5748,湖南长沙,靳江河口
5755,湖南长沙,湖南省森林植物园
5538,湖南长沙,湘雅医学院
7511,湖南长沙,太阳山森林公园
4504,湖南长沙,坪塘靳江桥西
2570,湖南长沙,柳叶洲
7128,湖南长沙,团头湖
6020,湖南长沙,生态动物园
17,湖南长沙,岳麓山
5674,湖南长沙,南郊公园
2601,湖南长沙,天心公园
5701,湖南长沙,湖南农业大学
7499,湖南长沙,先锋村
2444,湖南长沙,湖南师范大学
311,湖南长沙,涝湖垸
4296,湖南长沙,捞刀河镇生态园
5754,湖南长沙,望城县回龙村
7279,湖南长沙,湖南革命陵园
955,湖南长沙,河西天马学生公寓
5838,湖南长沙,洋湖湿地公园
1598,湖南长沙,市区
7505,湖南长沙,沙河大桥
273,湖南长沙,蓉园宾馆
2264,湖南长沙,洪山庙
4487,湖南长沙,望城铜官镇丁字镇
6891,湖南长沙,黑麋峰森林公园
307,湖南长沙,三汊矶
684,湖南长沙,天心赤岭路
1379,湖南长沙,民政学院及周围
701,湖南长沙,省政府大院
6849,湖南长沙,大托铺
3639,湖南长沙,中南大学本部
1505,湖南长沙,沙坪镇钟石村
4318,湖南长沙,长沙星城镇
3410,湖南长沙,长沙植物园
5910,湖南长沙,岳麓山及湘江边上
239,湖南长沙,红色渔场
5841,湖南长沙,橘子洲
4494,湖南长沙,新港镇霞凝垸
4813,湖南长沙,长沙坪塘镇
5753,湖南长沙,大泽湖至月亮岛
2996,湖南长沙,高沙坪捞刀河
688,湖南长沙,雷锋镇黄花村
2386,湖南长沙县,黎托镇
7495,湖南长沙县,松雅湖
676,湖南长沙县,黄花镇大湖村
6327,湖南长沙县,影珠山
5685,湖南靖州,地笋苗寨
283,澳门市区,离岛湿地
1141,澳门市区,望厦山(魔鬼山)
4268,澳门市区,西望洋山
1824,澳门市区,港澳碼頭內堤
1142,澳门市区,路环九澳
221,澳门市区,黑沙水库
2184,澳门市区,澳门湿地
1145,澳门市区,龙环葡韵
1828,澳门市区,澳門蛋水塘
1823,澳门市区,松山
782,澳门市区,孙中山纪念公园
1827,澳门市区,石排灣郊野公園
4202,澳门市区,市内
5781,甘肃临夏市,永靖县
6338,甘肃临夏市,松鸣岩
5770,甘肃临潭,冶力关
7206,甘肃临潭,八角乡扎那山村
5808,甘肃兰州,兰州市植物园
4928,甘肃兰州,银滩湿地公园
2793,甘肃兰州,兰州理工大学后山
3554,甘肃兰州,五泉山公园
1261,甘肃兰州,兰州大学
2035,甘肃兰州,黄河兰州市区段
2792,甘肃兰州,兰州大学研究生院
7492,甘肃兰州,小西湖公园
4428,甘肃兰州,白塔山公园
5332,甘肃兰州,阿干镇石佛沟
2794,甘肃兰州,黄河雁儿湾段
5723,甘肃兰州,新港城黄河雁滩
6738,甘肃兰州,兰州交通大学
982,甘肃嘉峪关,嘉峪关
3845,甘肃嘉峪关,七一冰川
4489,甘肃夏河,桑科草原
3915,甘肃夏河,拉卜楞寺
6223,甘肃天水,麦积山风景区
6959,甘肃天水,渭南镇
7577,甘肃天水,东岔观音山
7576,甘肃天水,元龙镇
6344,甘肃天祝,夏马林区
3029,甘肃天祝,乌鞘岭
6766,甘肃宕昌,官鹅沟
1411,甘肃定西,十八里铺
6957,甘肃定西,渭源县河口村
7532,甘肃定西,途中
7579,甘肃定西,新城人工湖
5380,甘肃定西,百花服务区
132,甘肃平凉,崆峒山
5845,甘肃康乐,莲麓镇
3014,甘肃康乐,莲花山
7040,甘肃张掖,黑河湿地公园
2298,甘肃张掖,肃南隆昌河林场
7539,甘肃张掖,国家湿地公园
6302,甘肃敦煌,鸣沙山
6303,甘肃敦煌,火车站
4855,甘肃敦煌,地区
3417,甘肃敦煌,南湖湿地
5779,甘肃文县,碧口茶元村
6245,甘肃文县,刘家坪
6244,甘肃文县,县城
6942,甘肃榆中,榆中
1262,甘肃榆中,兴隆山
7407,甘肃榆中,夏官营镇
7355,甘肃榆中,麻家寺.二龙山
7512,甘肃榆中,高崖水库
3500,甘肃榆中,兰州大学榆中校区
7043,甘肃榆中,马衔山
6960,甘肃武山,沿渭河
6217,甘肃武都,裕河
6222,甘肃武都,洛塘林场
4448,甘肃永登,兰州中川机场
6228,甘肃永靖,刘家峡
6963,甘肃渭源,清源山
5585,甘肃灵台,蒲窝乡任家坡村
6206,甘肃玉门,青山水库
7077,甘肃玉门,白杨河水库
6204,甘肃玉门,花海乡
4424,甘肃玛曲,黄河第一湾大桥
5273,甘肃甘南州,合作
5274,甘肃甘南州,卓尼
7205,甘肃甘南州,卓尼县康多乡
3255,甘肃白银,景泰县五佛乡
4877,甘肃白银,白银东服务区
6918,甘肃皋兰,西岔镇
5878,甘肃碌曲,郎木寺
1854,甘肃碌曲,尕海
2782,甘肃碌曲,则岔
6453,甘肃碌曲,阿拉山水电站
1853,甘肃碌曲,贡巴
2783,甘肃碌曲,县城
5174,甘肃礼县,江口及周边地区
6328,甘肃肃北,鱼儿红
7084,甘肃肃北,老虎沟12号冰川
7058,甘肃肃北,石包城乡
6191,甘肃肃北,盐池湾
7059,甘肃肃北,党城湾镇
5464,甘肃迭部,扎尕那
4426,甘肃迭部,迭山
2037,甘肃酒泉,卫星发射基地
3314,甘肃金昌,河西堡镇
3628,甘肃阿克塞,大苏干湖
3627,甘肃阿克塞,小苏干湖
7041,甘肃高台,高台黑河湿地公园
7176,甘肃高台,黑河湿地新区河段
4858,福建三明,龙牺山自然保护区
1948,福建三明,test
7153,福建上杭,梅花山-中国虎园
7537,福建东山,东山岛
7253,福建仙游,赖店镇龙兴村
7252,福建仙游,郊尾镇东湖村
7254,福建华安,新圩镇
6625,福建华安,贡鸭山保护区
1924,福建华安,仙都镇中圳村
6383,福建华安,湖林乡湖林村
6623,福建华安,华丰镇
1000,福建南安,淗江
6081,福建南安,霞美
7378,福建南平,武夷山景区
5286,福建南平,南平
4337,福建南平,茫荡山
2807,福建南平,九峰山公园
1923,福建南靖,梅林镇璞山村
6762,福建南靖,鹅仙洞
6336,福建南靖,和溪镇乐土村
5015,福建南靖,书洋镇塔下村
1047,福建厦门,坂美鱼塘
276,福建厦门,机场
689,福建厦门,鸡屿岛
7444,福建厦门,夏门国际会议中心
6102,福建厦门,大嶝盐场-大桥
6447,福建厦门,集美大学站湿地
7018,福建厦门,文山
7365,福建厦门,东坑水库
421,福建厦门,马銮湾
6856,福建厦门,同安西坑一带
7119,福建厦门,鸿山公园
999,福建厦门,翔安区
7117,福建厦门,仙岳公园
495,福建厦门,许庄
6504,福建厦门,翔安莲河
1756,福建厦门,坂头至许庄
867,福建厦门,东侧海域
600,福建厦门,坑内水库
2438,福建厦门,东坑至张棣桥水库
117,福建厦门,集美
6428,福建厦门,厦门大学翔安校区
89,福建厦门,城区
271,福建厦门,天柱山
6499,福建厦门,筼筜湖
7142,福建厦门,张埭桥水库
7169,福建厦门,燕尾山生态公园
7139,福建厦门,张逮桥水库
369,福建厦门,大嶝岛
6086,福建厦门,南普陀寺
6602,福建厦门,嘉庚公园
4901,福建厦门,东坪山（水库）
6475,福建厦门,华侨大学对面湿地
293,福建厦门,黄厝广播山
292,福建厦门,万石植物园
6452,福建厦门,同安小坪
7034,福建厦门,同安半岭
3274,福建厦门,大嶝桥头水库
5013,福建厦门,集美大学
6821,福建厦门,吕塘村
6750,福建厦门,鳄鱼屿
6816,福建厦门,菊江
6568,福建厦门,会展-香山国际游
3398,福建厦门,翔安东坑水库
869,福建厦门,西海域
730,福建厦门,湖里钟宅水库
288,福建厦门,鼓浪屿
937,福建厦门,同安金光湖
5550,福建厦门,五缘湾湿地公园
7475,福建厦门,海韵台海边
6242,福建厦门,东山3号
528,福建厦门,同安东坑
3337,福建厦门,厦门园博园
6798,福建厦门,同安云顶山
7112,福建厦门,翔安香山
4758,福建厦门,大嶝盐场及五缘湾
866,福建厦门,同安湾
285,福建厦门,集美兑山
6541,福建厦门,翔安区东园村
7098,福建厦门,同安蝴蝶谷
2554,福建厦门,厦门大学本部
7448,福建厦门,忠仑公园
6674,福建厦门,白鹭洲公园
1294,福建厦门,员当湖
1339,福建厦门,坂头水库
284,福建厦门,同安新店沃头
7120,福建厦门,同安溪东水库
275,福建厦门,湖边水库
7297,福建厦门,同安造水村
5714,福建厦门,天竺山森林公园
6823,福建厦门,梅海岭
6783,福建厦门,厦门大学海韵宿舍
5923,福建厦门,赤岭
6714,福建同安,汀溪
781,福建同安,东西溪
632,福建同安,新圩古宅
6932,福建周宁,浦源村鲤鱼溪
2723,福建宁德,东湖塘
727,福建宁德,蕉城区
7345,福建将乐,汽车站周边
2429,福建将乐,龙栖山
6982,福建尤溪,九阜山
6931,福建屏南,白水洋
7219,福建平和,崎岭
7213,福建平和,高峰茶厂附近
1039,福建建瓯,万木林保护区
7381,福建德化,戴云山保护区
7013,福建德化,岱仙瀑布
760,福建惠安,山腰盐场
3275,福建惠安,驿坂高速出口
7269,福建惠安,紫山村
5014,福建惠安,崇武古城
6121,福建惠安,聚龙小镇
4065,福建政和,岭腰乡锦屏村
1621,福建明溪,均峰山
832,福建晋江,新市村
7146,福建晋江,敏月公园
7147,福建晋江,季延中学
833,福建晋江,金井镇塘东村
4064,福建松溪,小百丈瀑布
4066,福建松溪,白马山
5456,福建武夷山,大安源
919,福建武夷山,古沙洲
1038,福建武夷山,保护区
3687,福建武夷山,风景名胜区
376,福建永安,第三中学
2779,福建永安,天宝岩保护区
3895,福建永安,吉山
5287,福建永安,南塔公园
3020,福建永安,桃源洞
375,福建永安,林业保修厂
377,福建永安,龟山公园
7442,福建永定,客家土楼
7221,福建永春,坑仔口龙泉旅游区
5641,福建永泰,嵩口镇玉湖村
2073,福建永泰,天门山
2605,福建永泰,青云山
278,福建泉州,洛江口
6124,福建泉州,泉州森林公园
6501,福建泉州,菊江
6548,福建泉州,洛阳桥-泉州湾
6646,福建泉州,安溪
7028,福建泰宁,峨嵋峰自然保护区
4067,福建浦城,盘亭乡盘江村
2550,福建漳州,厦门大学漳州校区
6457,福建漳州,漳州郊野公园
6265,福建漳州,江滨公园
7047,福建漳州,市区
7287,福建漳州,云洞岩
6261,福建漳州,漳州师范学院
870,福建漳州,九龙江河口
5733,福建漳州,白水镇大帽山
4859,福建漳州,海门岛
4979,福建漳州,加走湖
7327,福建漳州,云霄县
5560,福建漳州,南靖
7140,福建漳州,火山口
6520,福建漳州,甘文农场红树林
6417,福建漳州,圆山
5221,福建漳州,普照寺
7020,福建漳州,厦大漳校加走湖
7451,福建漳州,石门村
5565,福建漳州,-1
3705,福建漳州,新厝
6589,福建漳平,漳平一中
3319,福建漳平,南洋
3318,福建漳平,梅水坑
3317,福建漳平,榉仔洲公园
3316,福建漳平,东山公园
6711,福建漳平,新桥镇西埔村
1382,福建漳浦,古雷
7306,福建漳浦,绥安镇
7078,福建漳浦,六鳌
7272,福建福州,侯官村
7247,福建福州,金鸡山公园
2655,福建福州,鳝鱼滩
3323,福建福州,北峰-寿山
2669,福建福州,贵安
4439,福建福州,永泰葛岭中学
6859,福建福州,金山公园
6749,福建福州,福州城区
6188,福建福州,新洲
2059,福建福州,福建农林大学
4270,福建福州,日溪-寿山
2126,福建福州,竹歧
6565,福建福州,乌山
1699,福建福州,马尾船政公园
6992,福建福州,安平村
2667,福建福州,橘园洲
3024,福建福州,福师大大学城校区
4344,福建福州,福建师范大学
2671,福建福州,永泰桃花洲
5055,福建福州,乌龙江某湿地
2826,福建福州,高盖山
2665,福建福州,淮安
4153,福建福州,鳝溪
6149,福建福州,优山－林阳
7445,福建福州,左海公园
4290,福建福州,马堡村
6458,福建福州,宦溪
4844,福建福州,森林公园-叶洋
2661,福建福州,溪源宫
1631,福建福州,城区
4808,福建福州,北峰-叶洋
3200,福建福州,白马河公园
4324,福建福州,罗星塔公园
3254,福建福州,福师大长安山公园
2726,福建福州,旗山
1700,福建福州,福州-泉州高速路
5556,福建福州,鼓岭
7149,福建福州,福建省福州大学
452,福建福州,森林公园
2067,福建福州,鼓山
2657,福建福州,长乐闽江口
2670,福建福州,崇福寺
4148,福建福清,五马山
2666,福建福清,石门坑
871,福建福清,福清湾
3272,福建福清,江镜华侨农场
6099,福建福清,大化山及周边
7113,福建福清,石竹山周边
4446,福建福清,灵石山森林公园
2836,福建福清,亥灶
4432,福建福清,东阁华侨农场
2774,福建福鼎,嵛山岛
2050,福建福鼎,桐山->八尺门
2668,福建莆田,白沙
4374,福建莆田,紫宵
4366,福建莆田,华亭龙纪寺
4370,福建莆田,梧塘
1438,福建莆田,东圳水库
4361,福建莆田,埭头湖尾
4360,福建莆田,泗华溪渠道
2693,福建莆田,大洋乡
5678,福建莆田,笏石
7611,福建莆田,九鲤湖
407,福建莆田,莆田学院医学部
406,福建莆田,西天尾龙山村
4899,福建莆田,湄洲岛
2032,福建莆田,江口兴化湾
6632,福建莆田,盖尾
815,福建莆田,仙游郊尾东湖村
984,福建连城,冠豸山
6860,福建连城,培田村
2956,福建连江,黄歧
2071,福建长乐,文武砂
6050,福建长乐,蝙蝠洲
451,福建长乐,鳝鱼滩
2830,福建长乐,琅歧
2692,福建长乐,闽江口草堂
7270,福建长汀,汀洲镇芳芳公园
2835,福建闽候,Qishan 旗
3196,福建闽候,大湖
3287,福建闽候,建平新洲
5175,福建闽候,乌龙江塔礁洲
3345,福建闽候,旗山
3286,福建闽候,师大校园
726,福建闽候,溪源宫
4441,福建闽清,预计火车路线
2074,福建闽清,黄禇林
728,福建霞浦,福宁湾
4886,福建霞浦,东吾洋
7314,福建龙岩,石山园
7210,福建龙岩,畲心村
5039,福建龙岩,小池
6235,福建龙岩,圭龙山自然保护区
2551,福建龙海,厦门大学漳州校区
2553,福建龙海,浮宫红树林保护区
303,福建龙海,中银开发区
6035,福建龙海,龙海港尾
6564,福建龙海,石码镇紫云岩
7452,福建龙海,隆教畲族乡
2552,福建龙海,漳州开发区加走湖
2555,福建龙海,海门岛红树林鸟类
471,西藏,仲巴
5672,西藏仁布,切达村
641,西藏堆龙德庆,楚布寺
642,西藏扎囊,桑耶镇青朴修行地
1929,西藏扎囊,西藏山南地区
2287,西藏拉萨,城区附近拉萨河
5120,西藏拉萨,达孜
2647,西藏拉萨,布达拉宫广场
678,西藏拉萨,纳木措
1260,西藏拉萨,林周县
6721,西藏拉萨,民族路北段
1422,西藏拉萨,市人民医院
2212,西藏拉萨,罗布林卡
677,西藏拉萨,甘丹寺
649,西藏拉萨,拉鲁湿地
2646,西藏拉萨,宗角禄康公园
1629,西藏拉萨,当雄县
3709,西藏拉萨,大昭寺
4801,西藏拉萨,米拉山口
680,西藏拉萨,哲蚌寺
3710,西藏拉萨,小昭寺
2645,西藏拉萨,色拉寺
5126,西藏拉萨,堆龙德庆
1928,西藏拉萨,机场-拉萨
1708,西藏拉萨,羊八井
5131,西藏拉萨,墨竹工卡
4852,西藏拉萨,雄色寺
5948,西藏日喀则,定日县
3321,西藏日喀则,樟木
5950,西藏日喀则,佩枯错
1628,西藏日喀则,羊卓雍措
5947,西藏日喀则,吉隆沟
679,西藏日喀则,亚东县
5673,西藏日喀则,聂拉木县
4810,西藏日喀则,珠峰大本营
2016,西藏日喀则,地区
2018,西藏昌都,类乌齐
4851,西藏昌都,八宿县周边
5458,西藏曲水,羊卓雍错
6715,西藏曲水,拉萨河
793,西藏曲水,雄色寺
5136,西藏林芝,色季拉山
5128,西藏林芝,嘎定沟
5130,西藏林芝,松多村
3114,西藏林芝,波密
794,西藏林芝,然乌湖
5582,西藏林芝,鲁朗
5143,西藏林芝,米林
5129,西藏林芝,工布江达
1413,西藏林芝,地区
1930,西藏林芝,八一
681,西藏林芝,巴松措
2015,西藏林芝,墨脱
1931,西藏林芝,察隅
5857,西藏林芝,雅鲁藏布江大峡谷
2017,西藏芒康,周边
6130,西藏贡嘎,拉萨贡嘎机场
5994,西藏那曲,纳木错
3708,西藏那曲,地区
2210,西藏那曲,班戈县
1383,西藏那曲,唐古拉山口
5438,西藏那曲,措那湖
1082,西藏阿里,改则县
7051,西藏阿里,玛旁雍错
472,西藏阿里,阿里
7050,西藏阿里,冈仁波齐
5763,贵州习水,土城镇
2984,贵州习水,三岔河保护区
2109,贵州从江,加牙、光辉一带
6062,贵州六盘水,凤池园
6608,贵州六盘水,牛棚梁子
7595,贵州六盘水,六盘水师范学院
1493,贵州兴义,顶效
3797,贵州兴义,马岭河峡谷景区
5111,贵州兴义,贵州醇酒厂
5117,贵州兴义,市区
2353,贵州印江,梵净山
2195,贵州威宁,梅花山地区
853,贵州威宁,草海鸟类名录
544,贵州威宁,草海
4334,贵州威宁,妥打自然保护区
1817,贵州威宁,石门坎
1182,贵州威宁,迤那乡赶场地
7597,贵州安顺,龙宫风景区
5460,贵州安顺,平坝农场
1653,贵州安顺,黄果树天星桥
2886,贵州安顺,黄果树瀑布景区
2516,贵州安顺,虹山水库
2993,贵州安顺,公路旁
7361,贵州安顺,关岭断桥镇坝凌村
1070,贵州平塘,掌布
2329,贵州平塘,鼠场
5774,贵州开阳,南江大峡谷
4269,贵州开阳,禾丰乡
3927,贵州德江,长堡乡
1651,贵州息烽,息烽集中营
2121,贵州惠水,燕子洞
2334,贵州惠水,惠明
1058,贵州惠水,百鸟河
2701,贵州惠水,小龙
7562,贵州施秉,马溪乡
2841,贵州施秉,杉木河
7563,贵州施秉,施秉县猴王乐园
3947,贵州桐梓,县城
2108,贵州榕江,计划乡月亮山地区
650,贵州毕节,文笔山
800,贵州毕节,向阳山
989,贵州毕节,烈士陵园
1565,贵州毕节,灵峰山
651,贵州毕节,纱帽山
799,贵州毕节,倒天河水库
988,贵州毕节,北镇关
1945,贵州江口,梵净山自然保护区
7185,贵州沿河,麻阳河自然保护区
2440,贵州清镇,红枫湖
5159,贵州湄潭,抄乐乡石牛口
1287,贵州瓮安,朱家山自然保护区
5381,贵州瓮安,珠藏镇
2172,贵州紫云,格凸河
5655,贵州织金,城郊
5657,贵州织金,织金洞
6014,贵州织金,鸡场乡
2065,贵州织金,凹河
956,贵州绥阳,宽阔水自然保护区
2332,贵州罗甸,边阳
2330,贵州罗甸,董架
1027,贵州荔波,茂兰喀斯特森林保
3171,贵州荔波,县城附近
1650,贵州荔波,大小七孔
1001,贵州荔波,小七孔
2274,贵州贵定,虼蚌河
3680,贵州贵定,老面河
1288,贵州贵定,盘江镇音寨
991,贵州贵阳,小关水库
976,贵州贵阳,香纸沟
1052,贵州贵阳,都溪林场
5745,贵州贵阳,乌当渡寨
921,贵州贵阳,金华湖
5277,贵州贵阳,南郊公园
1705,贵州贵阳,息锋/西望山
695,贵州贵阳,大土车站
7218,贵州贵阳,乌当区083厂
5566,贵州贵阳,啊哈水库
925,贵州贵阳,省军区独立营
5716,贵州贵阳,翁岗河（老桥）
7211,贵州贵阳,乌当区梅兰山
1053,贵州贵阳,羊艾农场
6135,贵州贵阳,花溪城市湿地公园
874,贵州贵阳,花溪公园
1424,贵州贵阳,高坡
3172,贵州贵阳,花溪老关
736,贵州贵阳,贵州大学
7184,贵州贵阳,观山湖公园
942,贵州贵阳,阿哈水库
927,贵州贵阳,花溪水库（平桥）
924,贵州贵阳,白云公园
2146,贵州贵阳,森林公园
1947,贵州贵阳,小河区南明河周边
2700,贵州贵阳,金翠湖
1746,贵州贵阳,肺科医院（旧址）
4465,贵州贵阳,贵州省植物园
943,贵州贵阳,青岩
7288,贵州贵阳,鱼梁河
926,贵州贵阳,三江农场
7131,贵州贵阳,小车河湿地公园
1946,贵州贵阳,药用植物园
886,贵州贵阳,黔灵公园
2120,贵州贵阳,贵阳机场
7456,贵州贵阳,贵州师范学院
985,贵州贵阳,马场
5181,贵州贵阳,长坡岭森林公园
923,贵州贵阳,栖霞小区/阳明祠
2986,贵州赤水,桫椤保护区
4497,贵州赤水,五柱峰
2985,贵州赤水,丙安乡
2196,贵州赫章,韭菜坪地区
6516,贵州遵义,石龙路遵义四中
2315,贵州遵义,南岭公园
5799,贵州遵义,金狮山→凤凰山
5800,贵州遵义,市政府附近
1652,贵州遵义,烈士陵园
2437,贵州遵义,遵义公园
5220,贵州遵义县,龙坪瓦厂寺
2741,贵州都匀,斗蓬山森林保护区
2325,贵州都匀,茶园水库
3606,贵州都匀,绕河
336,贵州都匀,城区
3939,贵州铜仁,河滨公园
6411,贵州锦屏,隆里古城
2840,贵州镇远,镇远古城及舞阳河
1057,贵州长顺,杜鹃湖（猛坑）
2171,贵州长顺,广顺镇一带
2117,贵州雷山,雷公山
7250,贵州雷山,响水岩
2643,贵州黄平,黄平飞云崖
3789,贵州黎平,茅贡
3790,贵州黎平,九潮
2312,贵州龙里,龙里大草原
7353,贵州龙里,龙架山森林公园
1323,辽宁东港,石桥油库
6236,辽宁东港,Beijingz
3113,辽宁东港,孤山镇
6238,辽宁东港,海岸线
1133,辽宁东港,合隆水库
7385,辽宁东港,东港南路
355,辽宁丹东,鸭绿江湿地保护区
1739,辽宁丹东,丹东郊区
1280,辽宁丹东,锦江山公园
3445,辽宁丹东,太平湾
241,辽宁丹东,鸭绿江景观大道
4471,辽宁丹东,元宝山公园
4218,辽宁丹东,虎山长城
3723,辽宁丹东,东港长山镇
3718,辽宁丹东,五龙山区
2803,辽宁丹东,情人岛
1017,辽宁凌源,四官营子
797,辽宁凌源,南山公园
2598,辽宁凌源,北山
1201,辽宁凤城,大堡
1149,辽宁凤城,凤凰山自然保护区
1304,辽宁大连,蛇岛
1013,辽宁大连,旅顺 老铁山
1006,辽宁大连,旅顺 陈家村
1012,辽宁大连,旅顺 双岛湾
5146,辽宁大连,Jinzhou
1405,辽宁大连,旅顺
298,辽宁大连,植物园
7568,辽宁大连,老虎滩
5901,辽宁大连,滨海路 石槽村
1303,辽宁大连,海猫岛
2381,辽宁宽甸,响水寺森林公园
2678,辽宁宽甸,红铜沟
1130,辽宁宽甸,双江河保护区
1102,辽宁宽甸,白石砬子保护区
1741,辽宁庄河,庄河湾
3416,辽宁庄河,石城列岛
3446,辽宁庄河,打拉腰港
1742,辽宁庄河,青堆子湾
3466,辽宁康平,卧龙湖
1492,辽宁抚顺,清原县红透山镇
4223,辽宁抚顺,大伙房水库
2808,辽宁普兰店,皮口港
2763,辽宁朝阳,凤凰山森林公园
4272,辽宁本溪县,关门山
929,辽宁沈阳,浑南开发区
2244,辽宁沈阳,世博园
1548,辽宁沈阳,棋盘山森林公园
7557,辽宁沈阳,五里河
697,辽宁沈阳,北陵公园
3966,辽宁沈阳,中科院沈阳树木园
2851,辽宁沈阳,鸟岛
1203,辽宁沈阳,辽宁大学
4470,辽宁沈阳,东凌公园
2352,辽宁法库,獾子洞水库
3608,辽宁盘锦,文化公园
6257,辽宁盘锦,南小河湿地
553,辽宁盘锦,双台河自然保护区
519,辽宁盘锦,双台子河闸
7616,辽宁绥中,六股河
2380,辽宁绥中,六股河入海口
5596,辽宁营口,鲅鱼圈仙人岛景区
5595,辽宁营口,鲅鱼圈青龙山公园
2379,辽宁葫芦岛,打渔山
2476,辽宁葫芦岛,龙湾公园
4263,辽宁铁岭,铁岭郊区
6968,辽宁锦州,东湖公园
2654,辽宁锦州,医巫闾山
6969,辽宁锦州,金沙滩
3534,辽宁鞍山,烈士山
3535,辽宁鞍山,军用机场
3549,辽宁鞍山,千山
6922,重庆丰都,南天湖
7571,重庆丰都,龙河国家湿地公园
7572,重庆丰都,丰都朝华文化公园
7538,重庆云阳,南溪镇天景
1611,重庆北碚,西南大学
3393,重庆北碚,雨台山公园
1218,重庆北碚,缙云山
6446,重庆北碚,丽滩
3396,重庆北碚,梅花村
3250,重庆南川,金佛山
6673,重庆垫江,天宝村
2682,重庆大足,大足石刻
6904,重庆大足,龙水湖
7201,重庆开县,澎溪河湿地保护区
4331,重庆武隆,仙女山
5042,重庆武隆,天生三桥
6384,重庆武隆,白马山
4092,重庆永川,茶山竹海
3251,重庆江津,四面山
3989,重庆涪陵,涪陵区
4393,重庆涪陵,白涛镇联农三社
7570,重庆涪陵,涪陵饭店
7524,重庆石柱,黄水森林公园
7170,重庆綦江,万盛黑山谷
1221,重庆綦江,丁山镇
1357,重庆重庆,丰都老城
3505,重庆重庆,歌乐山
5501,重庆重庆,长江北碚段
5629,重庆重庆,秀山钟灵水库
5531,重庆重庆,理工大学红光校区
6246,重庆重庆,江津区德感工业园
6760,重庆重庆,香炉山
1217,重庆重庆,沙坪坝区磁器口镇
6439,重庆重庆,四川美术学院虎溪
5192,重庆重庆,重庆长江大桥南岸
1358,重庆重庆,白帝城
1730,重庆重庆,鹅岭公园
6889,重庆重庆,楠木乡（酉阳县）
5715,重庆重庆,磁器口
1243,重庆重庆,沙坪坝区青木关
6200,重庆重庆,巴南区樵坪山
3395,重庆重庆,沙坪坝区回龙坝
3394,重庆重庆,重庆大学
6805,重庆重庆,缙云山-大学城段
2099,重庆重庆,圣灯山
1356,重庆重庆,三峡江段
6418,重庆重庆,铁山坪
6155,重庆重庆,重庆大学虎溪校区
6259,重庆重庆,红岩村
5484,重庆重庆,歇台子党校
3523,重庆重庆,嘉陵江段
3247,重庆重庆,长江李家沱大桥段
5653,重庆重庆,金竹苑附近菜地
3246,重庆重庆,朝天门
3249,重庆重庆,文化宫
5541,重庆重庆,彩云湖公园
2091,重庆重庆,南泉
1220,重庆重庆,巴南区南湖风景区
5485,重庆重庆,华岩寺
6218,重庆重庆,重庆大学老校区
6440,重庆重庆,重庆师范虎溪校区
5535,重庆重庆,广阳岛
5706,重庆重庆,工商大学南岸校区
5534,重庆重庆,照母山植物园
3248,重庆重庆,浮图关
3528,重庆重庆,陈家坪渝高公园
4922,重庆重庆,南岸区黄桷垭
3252,重庆重庆,长江南滨路段
5630,重庆重庆,秀山太阳山
3699,重庆重庆,渝北区
7121,重庆重庆,重庆理工大学校区
5750,重庆重庆,南山植物园
1219,重庆铜梁,双江镇
4133,重庆长寿,长寿湖
2263,重庆长寿,石堰
6225,重庆黔江,苍岭石泉苗寨
6186,陕西临潼,西安科技大临潼校
7623,陕西丹凤,竹林关镇街道附近
5160,陕西乾县,羊毛湾水库
2118,陕西佛坪,凉风垭
540,陕西佛坪,县城
1176,陕西佛坪,三官庙
1016,陕西佛坪,观音山
534,陕西佛坪,大古坪
420,陕西佛坪,岳坝
6983,陕西佛坪,熊猫谷
535,陕西佛坪,西河
1209,陕西佛坪,瓦寨子村
4219,陕西佛坪,佛坪国家级自然保
4240,陕西勉县,武侯祠
7474,陕西华县,涧峪水库
2234,陕西华阴,华山
3547,陕西南郑,南湖
231,陕西合阳,洽川黄河湿地
7196,陕西合阳,黑池镇黄河湿地
6293,陕西周至,观音山
6416,陕西周至,老县城保护区
5731,陕西周至,翠峰山（小青山）
2967,陕西周至,首阳山
7089,陕西周至,秦岭国家植物园
4108,陕西周至,楼观台
2602,陕西周至,厚畛子
3471,陕西周至,哑柏镇渭河滩
5265,陕西周至,竹峪
2974,陕西咸阳,渭河秦都区段
2973,陕西咸阳,彩虹生活区
4196,陕西咸阳,钓台镇
4826,陕西咸阳,周陵镇
3977,陕西咸阳,正阳镇
6486,陕西咸阳,西农校园
4191,陕西咸阳,底张镇
4187,陕西咸阳,渭滨公园
2957,陕西咸阳,渭河渭城区段
7135,陕西咸阳,杨凌后河段
4139,陕西咸阳,古渡公园
7151,陕西咸阳,西农北校区
2533,陕西咸阳,咸阳湖
4190,陕西咸阳,西安咸阳国际机场
4874,陕西商南,金丝大峡谷
7622,陕西商南,湘河镇街道附近
4875,陕西商州,商洛市区
6234,陕西城固,城固机场周边
3904,陕西太白,太白山
7347,陕西太白,柴胡山村
901,陕西宁强,棋盘关
3623,陕西宁强,青木川
5493,陕西宁陕,天华山保护区
4802,陕西宁陕,平河梁
5983,陕西宁陕,广货街保护站
4481,陕西宁陕,双河沟
3943,陕西宁陕,旬阳坝
6280,陕西宁陕,菜子坪
6916,陕西安康,旬阳县小河镇后坡
7230,陕西安康,小河镇阳坡山
6924,陕西安康,小河镇
1835,陕西宜川,壶口
5314,陕西宝鸡,渭河
5317,陕西宝鸡,嘉陵江源头风景区
6759,陕西宝鸡,北坡森林公园
7535,陕西山阳,天竺山森林公园
7000,陕西府谷,清水川
2908,陕西延安,市区
2909,陕西延安,南泥湾
7515,陕西延长,西滩洼
5559,陕西户县,高冠瀑布
5639,陕西户县,黑山瀑布
4193,陕西户县,涝河
6967,陕西户县,王守村
4827,陕西户县,金龙峡
3793,陕西户县,朱雀国家森林公园
3315,陕西户县,余下镇
4194,陕西户县,县城东郊
4301,陕西户县,太平国家森林公园
5982,陕西柞水,牛背梁老林保护站
1899,陕西横山,波罗镇
5123,陕西武功,杨凌
3545,陕西汉中,莲湖公园
3546,陕西汉中,兴园湖公园
360,陕西汉中,汉江双桥
5310,陕西汉中,石门水库
5792,陕西汉中,付家庙
5305,陕西汉中,古汉台
6324,陕西洋县,洋县县城周边
2104,陕西洋县,槐树关镇
6754,陕西洋县,安山村
1186,陕西洋县,华阳保护站
4369,陕西洋县,三道岭
1185,陕西洋县,花园保护站
3459,陕西洋县,蔡河村
6741,陕西洋县,龙亭镇周边
5743,陕西洋县,上溢水村
7324,陕西洋县,张家沟水库
6736,陕西洋县,长溪镇麻洞村
6733,陕西洋县,蔡坝村（汉江沿）
6739,陕西洋县,溢水河入汉江处
4342,陕西洋县,石槽村
1134,陕西洋县,草壩
7317,陕西洋县,镇江村
5851,陕西洋县,华阳镇
1127,陕西洋县,长青国家自然保护
5502,陕西洋县,八里关
5505,陕西洋县,江树湾
3501,陕西洋县,汉江大桥
409,陕西洋县,花园保护站及汉江
2910,陕西洛川,交口河镇延炼厂
5896,陕西渭南,澄城县古徵公园
7551,陕西渭南,卤阳湖盐池
5372,陕西渭南,高速公路
5459,陕西渭南,渭河沿岸
7525,陕西渭南,蒲城县董楼村
1234,陕西潼关,黄河风景区
7312,陕西眉县,干沟河下河寨段
6456,陕西眉县,红河谷森林公园
323,陕西眉县,太白山森林公园
6129,陕西眉县,渭河北兴段
7371,陕西眉县,拐沟垚
3720,陕西眉县,蒿坪寺
2907,陕西神木,红碱淖
6269,陕西神木,乔家海子
5933,陕西神木,二郎山
1836,陕西蒲城,桥陵
4348,陕西蓝田,汤峪湖森林公园
6977,陕西蓝田,王顺山森林公园
5918,陕西蓝田,灞河网峪河交汇处
7536,陕西西乡,桑园村菩提崖
2321,陕西西乡,龙池自保护区
251,陕西西安,泾渭湿地
3957,陕西西安,陕师大长安校区
4241,陕西西安,秦岭－小五台山
7403,陕西西安,沣河梁家滩湿地
4201,陕西西安,西安植物园
3892,陕西西安,曲江池
3910,陕西西安,浐灞河附近
4427,陕西西安,钟鼓楼
5735,陕西西安,西工大长安校区
4325,陕西西安,青龙寺
1136,陕西西安,紫阁峪
300,陕西西安,灞桥空军工程学院
7555,陕西西安,丰庆公园
3852,陕西西安,革命公园
4339,陕西西安,杨凌
1235,陕西西安,兴庆公园
6614,陕西西安,唐城墙遗址公园
4273,陕西西安,环城公园附近
3824,陕西西安,新紀元公園
5412,陕西西安,白石峪
3965,陕西西安,西安交通大学本部
4004,陕西西安,秦岭－沣峪口附近
6819,陕西西安,浐灞国家湿地公园
4260,陕西西安,杜陵
3888,陕西西安,陕师大雁塔校区
6397,陕西西安,大明宫遗址公园
2921,陕西西安,碑林
3911,陕西铜川,黄堡镇耀州窑遗址
5968,陕西镇安,绣屏山
6094,陕西镇安,永乐镇
5967,陕西镇安,庙沟乡东沟村
5966,陕西镇安,永乐镇青山沟
7438,陕西镇安,木王森林公园
4310,陕西长安,祥峪森林公园
253,陕西长安,牛背梁
3976,陕西长安,子午路北段
6742,陕西长安,丰裕口万花山
2699,陕西长安,翠华山地理公园
6867,陕西长安,圭峰山
7397,陕西长安,南五台
6174,陕西长安,西北工大长安校区
3983,陕西长安,西安邮电学院新校
3946,陕西长安,陕师大新校区
5768,陕西长安,高冠瀑布
6984,陕西陇县,温水镇峡口村附近
7032,陕西靖边,五台森林公园
296,陕西韩城,芝阳
579,陕西韩城,雷寺庄林场
2920,陕西黄陵,黄帝陵
1537,青海乌兰,茶卡
7534,青海乌兰,哈里哈图森林公园
2959,青海乌兰,赛什克
2930,青海互助,互助北山
5698,青海共和,青海南山洛合垭口
2948,青海共和,倒淌河
3015,青海共和,青海湖-黑马河
2970,青海共和,黑马河-江西沟
3016,青海共和,橡皮山-茶卡
5422,青海共和,鸟岛—共和
1465,青海共和,鄂拉山
1540,青海共和,149公里
1556,青海共和,橡皮山
1464,青海共和,恰不恰
1558,青海共和,青海湖
5697,青海共和,廿地乡
1559,青海共和,小北湖
5420,青海共和,小泊湖-茶卡
2292,青海共和,共和县
2950,青海兴海,青根河
2949,青海兴海,河卡山
2971,青海兴海,子科滩镇
1555,青海兴海,温泉乡鄂拉山口
2966,青海刚察,青海湖
6216,青海刚察,哈尔盖草场
6997,青海刚察,县城
5427,青海化隆,拉鸡山垭口
3667,青海同仁,吾屯村隆务河谷
5424,青海囊谦,堪得峡
2238,青海囊谦,香达镇
7496,青海囊谦,觉拉乡
2237,青海囊谦,白扎林场
2014,青海囊谦,尕尔寺
2958,青海大柴旦,绿草山
4854,青海大柴旦,大柴旦镇
1529,青海大通,东峡林场
1546,青海大通,老爷山
6990,青海天峻,鲁芒沟岩画
2935,青海循化,孟达天池
6367,青海德令哈,尕海
2299,青海德令哈,可鲁克湖
4971,青海德令哈,黑石山水库
2194,青海德令哈,青藏铁路沿线
3007,青海曲麻莱,曲麻河乡
3008,青海曲麻莱,不冻泉-五道梁
3513,青海曲麻莱,巴干乡-东风乡
3005,青海曲麻莱,秋智乡
1541,青海杂多,县城附近和扎青乡
7497,青海杂多,昂赛乡
3011,青海格尔木,西大滩
3012,青海格尔木,河东农场
5993,青海格尔木,唐古拉山镇
4853,青海格尔木,地区
5027,青海格尔木,胡杨林自然保护区
3909,青海民和,唐尔垣林场
3516,青海民和,县城（川口镇）
3519,青海民和,东沟乡
5053,青海民和,西沟林场
3518,青海民和,峡口乡
5052,青海民和,巴州镇
4464,青海民和,七里寺林场
3003,青海治多,治多-曲麻莱
3002,青海治多,治多-聂洽曲
6364,青海治多,索加乡
4910,青海治多,多采乡
6681,青海治多,县城
3514,青海治多,通天河流域
7086,青海治多,索南达杰保护站
6332,青海泽库,官秀林场
6331,青海泽库,麦秀林场
6993,青海海晏,东大滩水库
6333,青海海晏,西海镇
2934,青海湟中,群加林场
1533,青海湟中,塔尔寺至贵德
1532,青海湟中,塔尔寺
4902,青海湟中,蚂蚁沟水库
3028,青海湟源,日月山
2947,青海湟源,县城附近
2931,青海湟源,湟源-倒淌河
5425,青海玉树,文成公主庙
1468,青海玉树,囊谦
3001,青海玉树,隆宝滩
1542,青海玉树,结古镇附近
6680,青海玉树,结古镇至治多县
3000,青海玉树,石渠-玉树
1467,青海玉树,玉树玛多之间
5423,青海玉树,玛多-玉树-囊谦
5437,青海玉树,楚玛尔河
2282,青海玛多,班玛—温泉沿线
2995,青海玛多,玛查里-黑河乡
1466,青海玛多,降落岭
1124,青海玛多,扎陵湖
2291,青海玛多,班玛到花石峡
3666,青海玛多,鄂陵湖
2981,青海玛多,冬给错纳湖
1547,青海玛多,国道214沿线
3664,青海玛沁,大武及周边
2288,青海玛沁,玛沁到达日沿线
1535,青海玛沁,玛沁到班玛沿线
2849,青海玛沁,拉加周边
1942,青海班玛,斑玛+久治
1536,青海班玛,班玛到温泉沿线
1550,青海班玛,玛可河林场
2279,青海班玛,班玛县城
6950,青海班玛,年保玉则
2290,青海班玛,班玛到玛可河林场
6934,青海班玛,白玉乡及周边湖泊
7072,青海祁连,卓尔山景区
7071,青海祁连,花海鸳鸯
2998,青海称多,扎曲流域
6343,青海茫崖,花土沟沙漠公路
4870,青海西宁,南山公园
1531,青海西宁,北山
4463,青海西宁,西山
2382,青海西宁,土楼观
1313,青海西宁,烈士陵园
6221,青海西宁,高速路收费站
1412,青海西宁,人民公园
3665,青海贵德,贵德黄河大桥周边
6947,青海贵德,贵德及周边
1538,青海贵德,千姿湖
1534,青海贵德,贵德至玛沁沿线
2289,青海达日,达日到班玛沿线
7408,青海都兰,阿拉克湖
7410,青海都兰,北禅寺
7409,青海都兰,东山根西村
5428,青海门源,达坂山观景台
7544,青海门源,302省道沿线
3918,青海门源,227国道沿线
3536,香港市区,蒲台岛及附近海域
5995,香港市区,大帽山
5217,香港市区,其他
7133,香港市区,香港公园
5076,香港市区,香港中文大学
384,香港市区,燕岗
807,香港市区,太平山
7549,香港市区,深水埗美荷楼青旅
3569,香港市区,塱原
7237,香港市区,沙罗洞
7516,香港市区,迪斯尼乐园
5093,香港市区,嘉道理石岗中心
7156,香港市区,南丫岛
382,香港市区,九龙公园
447,香港市区,市内
951,香港市区,石岗
7299,香港市区,乌溪沙青年新村
5112,香港市区,大埔滘
2905,香港市区,西贡
364,香港市区,米埔自然保护区
5547,香港市区,香港湿地公园
6670,香港市区,沙头角
4265,香港市区,香港海洋公園
493,香港市区,尖鼻嘴
7137,香港市区,龙虎山郊野公园
4397,香港市区,香港大学
5090,香港市区,嘉道理农场
3568,香港市区,南涌
7138,香港市区,薄扶林郊野公园
5904,黑龙江伊春,汤旺河国家石林公
1387,黑龙江伊春,带岭碧水保护区
5903,黑龙江伊春,伊春植物园
6691,黑龙江伊春,丰林保护区
1390,黑龙江伊春,带岭兵团沟
5906,黑龙江伊春,金山鹿苑
1389,黑龙江伊春,带岭东山
6692,黑龙江伊春,五营国家森林公园
1695,黑龙江伊春,带岭永翠河
5883,黑龙江伊春,伊春市区
1386,黑龙江伊春,带岭凉水保护区
1388,黑龙江伊春,带岭北山
5902,黑龙江伊春,新青国家湿地公园
3818,黑龙江佳木斯,洪河湿地保护区
6693,黑龙江加格达奇,林海村
6694,黑龙江加格达奇,南翁河保护区
7054,黑龙江哈尔滨,老爷岭环志站
2895,黑龙江哈尔滨,市区
7082,黑龙江哈尔滨,群力湿地公园
4836,黑龙江哈尔滨,帽儿山林场
7097,黑龙江哈尔滨,东北林大
4829,黑龙江哈尔滨,西郊沿江湿地
5734,黑龙江哈尔滨,东林林场
5284,黑龙江哈尔滨,松北湿地公园
745,黑龙江哈尔滨,太阳岛
6954,黑龙江大庆,铁路沿线
6925,黑龙江大庆,林源站
1392,黑龙江大庆,龙凤湿地
5497,黑龙江大庆,林甸县
7042,黑龙江嫩江,高峰林场
5884,黑龙江宁安,镜泊湖
646,黑龙江宝清,七星河地区
1806,黑龙江宾县,吉华滑雪场
1314,黑龙江密山,兴凯湖 龙王庙
1305,黑龙江密山,兴凯湖 氧化塘
1315,黑龙江密山,兴凯湖 东北泡子
3563,黑龙江林甸,扎龙保护区
1804,黑龙江海林,双峰林场（雪乡）
5445,黑龙江漠河,县城
7416,黑龙江漠河,Mohe cou
4017,黑龙江虎林,完达山
6466,黑龙江虎林,乌苏里江边
1269,黑龙江铁力,东折棱河林场
1805,黑龙江阿城,平山旅游度假区
630,黑龙江饶河,县城
1316,黑龙江黑河,瑷珲
1317,黑龙江黑河,东郊黑龙江边
7489,黑龙江齐齐哈尔,城西大坝-明月岛
6665,黑龙江齐齐哈尔,龙沙公园
6878,黑龙江齐齐哈尔,榆树屯乡
